Open_1h,High_1h,Low_1h,Close_1h,Volume_1h,Open_4h,High_4h,Low_4h,Close_4h,Volume_4h,Open_1d,High_1d,Low_1d,Close_1d,Volume_1d,1h_price_change_pct,4h_price_change_pct,1d_price_change_pct,1h_range,1h_position,4h_range,4h_position,1d_range,1d_position,1h_volume_ratio,4h_volume_ratio,1d_volume_ratio,1h_SMA,4h_SMA,1d_SMA,close_over_1h_SMA,close_over_4h_SMA,close_over_1d_SMA,1h_trend,4h_trend,1d_trend,bullish_alignment,bearish_alignment,mixed_trend_signals,1h_support,1h_resistance,1h_sup_res_count,1h_support_strength,1h_resistance_strength,4h_support,4h_resistance,4h_sup_res_count,4h_support_strength,4h_resistance_strength,1d_support,1d_resistance,1d_sup_res_count,1d_support_strength,1d_resistance_strength,1h_dist_to_support,1h_dist_to_resistance,1h_sup_res_position,1h_at_support,1h_at_resistance,1h_breaking_support,1h_breaking_resistance,1h_sr_range_width,4h_dist_to_support,4h_dist_to_resistance,4h_sup_res_position,4h_at_support,4h_at_resistance,4h_breaking_support,4h_breaking_resistance,4h_sr_range_width,1d_dist_to_support,1d_dist_to_resistance,1d_sup_res_position,1d_at_support,1d_at_resistance,1d_breaking_support,1d_breaking_resistance,1d_sr_range_width,multi_timeframe_support,multi_timeframe_resistance,strong_support_zone,strong_resistance_zone,in_sr_range,breaking_sr_range,Open_1h,High_1h,Low_1h,Close_1h,Volume_1h,Volume_SMA,OBV_std,OBV_norm_std,OBV_SMA_10,OBV_EMA_10,OBV_WMA_10,OBV_SMA_20,OBV_EMA_20,OBV_WMA_20,OBV_SMA_50,OBV_EMA_50,OBV_WMA_50,OBV_Bullish_Div_10,OBV_Bearish_Div_10,OBV_Bullish_Div_20,OBV_Bearish_Div_20,OBV_Bullish_Div_50,OBV_Bearish_Div_50,VWAP_10,Open_4h,High_4h,Low_4h,Close_4h,Volume_4h,candle_range_4h,corps_candle_4h,meche_haute_4h,meche_basse_4h,candle_trend_4h,doji_4h,doji_strength_4h,perfect_doji_4h,upper_wick_4h,lower_wick_4h,ratio_corps_4h,doji_invalid_4h,bullish_engulfing_4h,bearish_engulfing_4h,engulfing_strength_4h,corps_candle_prev_4h,corps_sum_4h,Volume_SMA_5_4h,Volume_SMA_10_4h,Volume_SMA_20_4h,Volume_Ratio_SMA5_4h,Volume_Ratio_SMA10_4h,Volume_Ratio_SMA20_4h,Volume_Change_1_4h,Volume_Change_5_4h,PV_Ratio_4h,PV_Change_4h,OBV_4h,Volume_SMA_4h,OBV_normalized_4h,OBV_norm_minmax_4h,OBV_std_4h,OBV_norm_std_4h,OBV_SMA_10_4h,OBV_EMA_10_4h,OBV_WMA_10_4h,OBV_SMA_20_4h,OBV_EMA_20_4h,OBV_WMA_20_4h,OBV_SMA_50_4h,OBV_EMA_50_4h,OBV_WMA_50_4h,OBV_Trend_short_4h,OBV_Trend_medium_4h,OBV_Trend_long_4h,OBV_Bullish_Div_10_4h,OBV_Bearish_Div_10_4h,OBV_Bullish_Div_20_4h,OBV_Bearish_Div_20_4h,OBV_Bullish_Div_50_4h,OBV_Bearish_Div_50_4h,MFV_4h,ADL_4h,ADL_norm_4h,ADL_SMA5_4h,ADL_SMA15_4h,ADL_SMA30_4h,ADL_Trend_4h,Price_Trend_4h,ADL_Divergence_4h,MFM_4h,CMF_20_4h,PVT_change_4h,PVT_4h,PVT_norm_4h,PVT_SMA10_4h,PVT_SMA30_4h,PVT_signal_4h,PVT_cross_4h,PVT_cross_signal_4h,PVT_delta5_4h,CCI_5_4h,CCI_10_4h,CCI_15_4h,Volume_Oscillator_4h,VWAP_4h,VWMA_10_4h,VWMA_20_4h,Force_Index_1_4h,Force_Index_13_4h,Typical_Price_4h,Raw_Money_Flow_4h,Typical_Price_Prev_4h,Money_Flow_Positive_4h,Money_Flow_Negative_4h,MFI_14_4h,Vol_Weighted_Up_4h,Vol_Weighted_Down_4h,Vol_Weighted_Up_Avg_4h,Vol_Weighted_Down_Avg_4h,Vol_Weighted_RSI_4h,VWAP_10_4h,Open_1d,High_1d,Low_1d,Close_1d,Volume_1d,candle_range_1d,corps_candle_1d,meche_haute_1d,meche_basse_1d,candle_trend_1d,doji_1d,doji_strength_1d,perfect_doji_1d,upper_wick_1d,lower_wick_1d,ratio_corps_1d,doji_invalid_1d,bullish_engulfing_1d,bearish_engulfing_1d,engulfing_strength_1d,corps_candle_prev_1d,corps_sum_1d,Volume_SMA_5_1d,Volume_SMA_10_1d,Volume_SMA_20_1d,Volume_Ratio_SMA5_1d,Volume_Ratio_SMA10_1d,Volume_Ratio_SMA20_1d,Volume_Change_1_1d,Volume_Change_5_1d,PV_Ratio_1d,PV_Change_1d,OBV_1d,Volume_SMA_1d,OBV_normalized_1d,OBV_norm_minmax_1d,OBV_std_1d,OBV_norm_std_1d,OBV_SMA_10_1d,OBV_EMA_10_1d,OBV_WMA_10_1d,OBV_SMA_20_1d,OBV_EMA_20_1d,OBV_WMA_20_1d,OBV_SMA_50_1d,OBV_EMA_50_1d,OBV_WMA_50_1d,OBV_Trend_short_1d,OBV_Trend_medium_1d,OBV_Trend_long_1d,OBV_Bullish_Div_10_1d,OBV_Bearish_Div_10_1d,OBV_Bullish_Div_20_1d,OBV_Bearish_Div_20_1d,OBV_Bullish_Div_50_1d,OBV_Bearish_Div_50_1d,MFV_1d,ADL_1d,ADL_norm_1d,ADL_SMA5_1d,ADL_SMA15_1d,ADL_SMA30_1d,ADL_Trend_1d,Price_Trend_1d,ADL_Divergence_1d,MFM_1d,CMF_20_1d,PVT_change_1d,PVT_1d,PVT_norm_1d,PVT_SMA10_1d,PVT_SMA30_1d,PVT_signal_1d,PVT_cross_1d,PVT_cross_signal_1d,PVT_delta5_1d,CCI_5_1d,CCI_10_1d,CCI_15_1d,Volume_Oscillator_1d,VWAP_1d,VWMA_10_1d,VWMA_20_1d,Force_Index_1_1d,Force_Index_13_1d,Typical_Price_1d,Raw_Money_Flow_1d,Typical_Price_Prev_1d,Money_Flow_Positive_1d,Money_Flow_Negative_1d,MFI_14_1d,Vol_Weighted_Up_1d,Vol_Weighted_Down_1d,Vol_Weighted_Up_Avg_1d,Vol_Weighted_Down_Avg_1d,Vol_Weighted_RSI_1d,VWAP_10_1d,Volume_SMA,OBV_std,OBV_norm_std,OBV_SMA_10,OBV_EMA_10,OBV_WMA_10,OBV_SMA_20,OBV_EMA_20,OBV_WMA_20,OBV_SMA_50,OBV_EMA_50,OBV_WMA_50,OBV_Bullish_Div_10,OBV_Bearish_Div_10,OBV_Bullish_Div_20,OBV_Bearish_Div_20,OBV_Bullish_Div_50,OBV_Bearish_Div_50,SuperTrend_Long,SuperTrend_Short,ADX,Williams_R,day_of_year,sin_day,cos_day,sin_hour,cos_hour,period_of_day,hourly_return,hourly_volatility,volatility_by_period,volatility_6h,volatility_12h,volatility_24h,volatility_period_0,volatility_period_1,volatility_period_2,volatility_period_3,volatility_morning,volatility_afternoon,volatility_evening,volatility_night,log_return_5m,log_return_1h,momentum_1h,log_return_4h,momentum_4h,log_return_1d,momentum_1d,momentum_5m
6459.6,6487.5,6441.0,6486.5,26124,6418.2,6511.1,6399.2,6509.4,114374,6309.2,6564.7,6308.7,6556.8,200235,-0.4147,-0.765,-1.4824,46.5,0.4,111.9,0.5398,256.0,0.5895,0.1149,0.0262,0.015,6486.5,6509.4,6556.8,0.9959,0.9923,0.9852,0,0,0,0,1,0,0.0,0.0,0,0,0,0.0,0.0,0,0,0,0.0,0.0,0,0,0,0.0,0.0,0.0,0,0,0,0,0.0,0.0,0.0,0.0,0,0,0,0,0.0,0.0,0.0,0.0,0,0,0,0,0.0,0,0,0,0,1,0,6459.6,6487.5,6441.0,6486.5,26124,15963.0,35812.2502,-2.0891,-5.7988,-5.9739,-5.8943,-6.8379,-5.9674,-6.191,-5.0022,-4.7634,-5.875,0,1,0,1,0,0,6449.3415,6418.2,6511.1,6399.2,6509.4,114374.0,111.9,0.815,0.0152,0.1698,1,1,0.0,0,0.0152,0.1698,0.6585,0,1,0,5.3023,0.4226,1.2376,33604.4,51662.1,55706.45,3.4035,2.2139,2.0532,5.4494,-0.0161,744506115.6,5.5401,-153269.0,55706.45,-2.7514,-0.5757,157164.8069,-0.9752,-3.4921,-2.9229,-4.0924,1.1931,-0.5319,-1.7436,2.8739,1.5408,2.2974,1.0,-1.0,-1.0,0,1,0,0,0,0,110898.8293,-47046.4887,0.1729,-141370.9537,-150421.5458,-69207.2156,1,1,0,0.9696,-0.0514,1608.944,-2531.6552,-0.2866,-3506.8629,-1202.6961,-1,-2304.1667,-1,1861.0339,84.8355,101.7421,94.13,-22102.05,6383.9248,6352.0465,6377.8754,10327972.2,490152.9215,6473.2333,740369589.2667,6419.6,740369589.2667,0.0,19.5735,10327972.2,0.0,1288467.0,2785151.5,31.6295,6345.8825,6309.2,6564.7,6308.7,6556.8,200235,256.0,0.9672,0.0309,0.002,1,1,0.0,0,0.0309,0.002,0.7492,0,0,0,0.0,0.3238,1.291,269937.4,232554.2,251006.4,0.7418,0.861,0.7977,-0.4454,4.1104,1312900848.0,-0.4195,-2550517.0,251006.4,-10.1612,-0.7412,965927.9256,-2.6405,-8.3941,-8.9297,-9.085,-8.3208,-8.1471,-8.4487,-5.65,-6.1012,-7.2453,-1.0,-1.0,-1.0,0,1,0,0,0,0,187876.7461,-570928.5296,-0.2521,-521259.0944,-423746.872,-512859.9322,-1,1,-1,0.9383,0.0467,9339.5695,-76339.0997,-0.5351,-78506.5037,-76582.9499,-1,-1923.5538,-1,1142.962,107.8873,63.0346,17.6991,18931.0,6538.0821,6400.4067,6402.0879,58508667.0,1776117.8819,6476.7333,1296868699.0,6292.7667,1296868699.0,0.0,49.6904,58508667.0,0.0,7796288.2643,11881095.9,39.6206,6411.0234,2393.9,3234.0463,1.1172,0.3393,0.2771,0.0862,0.1614,0.2252,0.3194,0.1614,0.1192,0.3194,0,0,0,0,0,0,6422.6533,0.0,0.0,-7.2695,153,0.4863,-0.8738,0.7071,-0.7071,1,0.0001,0.0,0.0012,0.0016,0.0015,0.0,0.0,0.0016,0.0,0.0,0.0,0.0,0.0,0.0,0.0001,0.0043,27.7,0.014,90.3,0.0456,292.2,0.8
6459.6,6487.5,6441.0,6486.5,26124,6418.2,6511.1,6399.2,6509.4,114374,6309.2,6564.7,6308.7,6556.8,200235,-0.535,-0.8849,-1.6014,46.5,0.2323,111.9,0.4701,256.0,0.559,0.0916,0.0209,0.012,6486.5,6509.4,6556.8,0.9947,0.9912,0.984,0,0,0,0,1,0,0.0,0.0,0,0,0,0.0,0.0,0,0,0,0.0,0.0,0,0,0,0.0,0.0,0.0,0,0,0,0,0.0,0.0,0.0,0.0,0,0,0,0,0.0,0.0,0.0,0.0,0,0,0,0,0.0,0,0,0,0,1,0,6459.6,6487.5,6441.0,6486.5,26124,15963.0,35812.2502,-2.0891,-5.7988,-5.9739,-5.8943,-6.8379,-5.9674,-6.191,-5.0022,-4.7634,-5.875,0,1,0,1,0,0,6449.497,6418.2,6511.1,6399.2,6509.4,114374.0,111.9,0.815,0.0152,0.1698,1,1,0.0,0,0.0152,0.1698,0.6585,0,1,0,5.3023,0.4226,1.2376,33604.4,51662.1,55706.45,3.4035,2.2139,2.0532,5.4494,-0.0161,744506115.6,5.5401,-153269.0,55706.45,-2.7514,-0.5757,157164.8069,-0.9752,-3.4921,-2.9229,-4.0924,1.1931,-0.5319,-1.7436,2.8739,1.5408,2.2974,1.0,-1.0,-1.0,0,1,0,0,0,0,110898.8293,-47046.4887,0.1729,-141370.9537,-150421.5458,-69207.2156,1,1,0,0.9696,-0.0514,1608.944,-2531.6552,-0.2866,-3506.8629,-1202.6961,-1,-2304.1667,-1,1861.0339,84.8355,101.7421,94.13,-22102.05,6383.9248,6352.0465,6377.8754,10327972.2,490152.9215,6473.2333,740369589.2667,6419.6,740369589.2667,0.0,19.5735,10327972.2,0.0,1288467.0,2785151.5,31.6295,6345.8825,6309.2,6564.7,6308.7,6556.8,200235,256.0,0.9672,0.0309,0.002,1,1,0.0,0,0.0309,0.002,0.7492,0,0,0,0.0,0.3238,1.291,269937.4,232554.2,251006.4,0.7418,0.861,0.7977,-0.4454,4.1104,1312900848.0,-0.4195,-2550517.0,251006.4,-10.1612,-0.7412,965927.9256,-2.6405,-8.3941,-8.9297,-9.085,-8.3208,-8.1471,-8.4487,-5.65,-6.1012,-7.2453,-1.0,-1.0,-1.0,0,1,0,0,0,0,187876.7461,-570928.5296,-0.2521,-521259.0944,-423746.872,-512859.9322,-1,1,-1,0.9383,0.0467,9339.5695,-76339.0997,-0.5351,-78506.5037,-76582.9499,-1,-1923.5538,-1,1142.962,107.8873,63.0346,17.6991,18931.0,6538.0821,6400.4067,6402.0879,58508667.0,1776117.8819,6476.7333,1296868699.0,6292.7667,1296868699.0,0.0,49.6904,58508667.0,0.0,7796288.2643,11881095.9,39.6206,6411.0234,2408.15,3159.0232,0.3859,0.152,0.3188,0.1165,0.1867,0.252,0.3523,0.1778,0.1344,0.3364,0,0,0,0,0,0,6422.6533,0.0,0.0,-24.1379,153,0.4863,-0.8738,0.7071,-0.7071,1,-0.0012,0.0,0.0012,0.0015,0.0015,0.0,0.0,0.0015,0.0,0.0,0.0,0.0,0.0,0.0,-0.0012,0.0043,27.7,0.014,90.3,0.0456,292.2,-7.8
6459.6,6487.5,6441.0,6486.5,26124,6418.2,6511.1,6399.2,6509.4,114374,6309.2,6564.7,6308.7,6556.8,200235,-0.6552,-1.0047,-1.7204,46.5,0.0645,111.9,0.4004,256.0,0.5285,0.0726,0.0166,0.0095,6486.5,6509.4,6556.8,0.9934,0.99,0.9828,0,0,0,0,1,0,0.0,0.0,0,0,0,0.0,0.0,0,0,0,0.0,0.0,0,0,0,0.0,0.0,0.0,0,0,0,0,0.0,0.0,0.0,0.0,0,0,0,0,0.0,0.0,0.0,0.0,0,0,0,0,0.0,0,0,0,0,1,0,6459.6,6487.5,6441.0,6486.5,26124,15963.0,35812.2502,-2.0891,-5.7988,-5.9739,-5.8943,-6.8379,-5.9674,-6.191,-5.0022,-4.7634,-5.875,0,1,0,1,0,0,6449.2876,6418.2,6511.1,6399.2,6509.4,114374.0,111.9,0.815,0.0152,0.1698,1,1,0.0,0,0.0152,0.1698,0.6585,0,1,0,5.3023,0.4226,1.2376,33604.4,51662.1,55706.45,3.4035,2.2139,2.0532,5.4494,-0.0161,744506115.6,5.5401,-153269.0,55706.45,-2.7514,-0.5757,157164.8069,-0.9752,-3.4921,-2.9229,-4.0924,1.1931,-0.5319,-1.7436,2.8739,1.5408,2.2974,1.0,-1.0,-1.0,0,1,0,0,0,0,110898.8293,-47046.4887,0.1729,-141370.9537,-150421.5458,-69207.2156,1,1,0,0.9696,-0.0514,1608.944,-2531.6552,-0.2866,-3506.8629,-1202.6961,-1,-2304.1667,-1,1861.0339,84.8355,101.7421,94.13,-22102.05,6383.9248,6352.0465,6377.8754,10327972.2,490152.9215,6473.2333,740369589.2667,6419.6,740369589.2667,0.0,19.5735,10327972.2,0.0,1288467.0,2785151.5,31.6295,6345.8825,6309.2,6564.7,6308.7,6556.8,200235,256.0,0.9672,0.0309,0.002,1,1,0.0,0,0.0309,0.002,0.7492,0,0,0,0.0,0.3238,1.291,269937.4,232554.2,251006.4,0.7418,0.861,0.7977,-0.4454,4.1104,1312900848.0,-0.4195,-2550517.0,251006.4,-10.1612,-0.7412,965927.9256,-2.6405,-8.3941,-8.9297,-9.085,-8.3208,-8.1471,-8.4487,-5.65,-6.1012,-7.2453,-1.0,-1.0,-1.0,0,1,0,0,0,0,187876.7461,-570928.5296,-0.2521,-521259.0944,-423746.872,-512859.9322,-1,1,-1,0.9383,0.0467,9339.5695,-76339.0997,-0.5351,-78506.5037,-76582.9499,-1,-1923.5538,-1,1142.962,107.8873,63.0346,17.6991,18931.0,6538.0821,6400.4067,6402.0879,58508667.0,1776117.8819,6476.7333,1296868699.0,6292.7667,1296868699.0,0.0,49.6904,58508667.0,0.0,7796288.2643,11881095.9,39.6206,6411.0234,2374.2,3090.0726,-0.2191,-0.2144,0.209,0.037,0.2275,0.2008,0.3073,0.1568,0.118,0.2824,0,0,0,0,0,0,6422.6533,0.0,0.0,-52.6738,153,0.4863,-0.8738,0.7071,-0.7071,1,-0.0012,0.0,0.0012,0.0015,0.0014,0.0,0.0,0.0015,0.0,0.0,0.0,0.0,0.0,0.0,-0.0012,0.0043,27.7,0.014,90.3,0.0456,292.2,-7.8
6459.6,6487.5,6441.0,6486.5,26124,6418.2,6511.1,6399.2,6509.4,114374,6309.2,6564.7,6308.7,6556.8,200235,-0.4286,-0.7789,-1.4962,46.5,0.3806,111.9,0.5317,256.0,0.5859,0.145,0.0331,0.0189,6486.5,6509.4,6556.8,0.9957,0.9922,0.985,0,0,0,0,1,0,0.0,0.0,0,0,0,0.0,0.0,0,0,0,0.0,0.0,0,0,0,0.0,0.0,0.0,0,0,0,0,0.0,0.0,0.0,0.0,0,0,0,0,0.0,0.0,0.0,0.0,0,0,0,0,0.0,0,0,0,0,1,0,6459.6,6487.5,6441.0,6486.5,26124,15963.0,35812.2502,-2.0891,-5.7988,-5.9739,-5.8943,-6.8379,-5.9674,-6.191,-5.0022,-4.7634,-5.875,0,1,0,1,0,0,6450.9947,6418.2,6511.1,6399.2,6509.4,114374.0,111.9,0.815,0.0152,0.1698,1,1,0.0,0,0.0152,0.1698,0.6585,0,1,0,5.3023,0.4226,1.2376,33604.4,51662.1,55706.45,3.4035,2.2139,2.0532,5.4494,-0.0161,744506115.6,5.5401,-153269.0,55706.45,-2.7514,-0.5757,157164.8069,-0.9752,-3.4921,-2.9229,-4.0924,1.1931,-0.5319,-1.7436,2.8739,1.5408,2.2974,1.0,-1.0,-1.0,0,1,0,0,0,0,110898.8293,-47046.4887,0.1729,-141370.9537,-150421.5458,-69207.2156,1,1,0,0.9696,-0.0514,1608.944,-2531.6552,-0.2866,-3506.8629,-1202.6961,-1,-2304.1667,-1,1861.0339,84.8355,101.7421,94.13,-22102.05,6383.9248,6352.0465,6377.8754,10327972.2,490152.9215,6473.2333,740369589.2667,6419.6,740369589.2667,0.0,19.5735,10327972.2,0.0,1288467.0,2785151.5,31.6295,6345.8825,6309.2,6564.7,6308.7,6556.8,200235,256.0,0.9672,0.0309,0.002,1,1,0.0,0,0.0309,0.002,0.7492,0,0,0,0.0,0.3238,1.291,269937.4,232554.2,251006.4,0.7418,0.861,0.7977,-0.4454,4.1104,1312900848.0,-0.4195,-2550517.0,251006.4,-10.1612,-0.7412,965927.9256,-2.6405,-8.3941,-8.9297,-9.085,-8.3208,-8.1471,-8.4487,-5.65,-6.1012,-7.2453,-1.0,-1.0,-1.0,0,1,0,0,0,0,187876.7461,-570928.5296,-0.2521,-521259.0944,-423746.872,-512859.9322,-1,1,-1,0.9383,0.0467,9339.5695,-76339.0997,-0.5351,-78506.5037,-76582.9499,-1,-1923.5538,-1,1142.962,107.8873,63.0346,17.6991,18931.0,6538.0821,6400.4067,6402.0879,58508667.0,1776117.8819,6476.7333,1296868699.0,6292.7667,1296868699.0,0.0,49.6904,58508667.0,0.0,7796288.2643,11881095.9,39.6206,6411.0234,2502.2,3076.8107,1.0114,-0.0643,0.3971,0.3021,0.3238,0.3001,0.4041,0.2041,0.1621,0.3625,0,0,0,0,0,0,6422.6533,0.0,0.0,-17.301,153,0.4863,-0.8738,0.7071,-0.7071,1,0.0023,0.0,0.0012,0.0013,0.0015,0.0,0.0,0.0013,0.0,0.0,0.0,0.0,0.0,0.0,0.0023,0.0043,27.7,0.014,90.3,0.0456,292.2,14.7
6459.6,6487.5,6441.0,6486.5,26124,6418.2,6511.1,6399.2,6509.4,114374,6309.2,6564.7,6308.7,6556.8,200235,-0.3222,-0.6729,-1.3909,46.5,0.529,111.9,0.5934,256.0,0.6129,0.0643,0.0147,0.0084,6486.5,6509.4,6556.8,0.9968,0.9933,0.9861,0,0,0,0,1,0,0.0,0.0,0,0,0,0.0,0.0,0,0,0,0.0,0.0,0,0,0,0.0,0.0,0.0,0,0,0,0,0.0,0.0,0.0,0.0,0,0,0,0,0.0,0.0,0.0,0.0,0,0,0,0,0.0,0,0,0,0,1,0,6459.6,6487.5,6441.0,6486.5,26124,15963.0,35812.2502,-2.0891,-5.7988,-5.9739,-5.8943,-6.8379,-5.9674,-6.191,-5.0022,-4.7634,-5.875,0,1,0,1,0,0,6453.7602,6418.2,6511.1,6399.2,6509.4,114374.0,111.9,0.815,0.0152,0.1698,1,1,0.0,0,0.0152,0.1698,0.6585,0,1,0,5.3023,0.4226,1.2376,33604.4,51662.1,55706.45,3.4035,2.2139,2.0532,5.4494,-0.0161,744506115.6,5.5401,-153269.0,55706.45,-2.7514,-0.5757,157164.8069,-0.9752,-3.4921,-2.9229,-4.0924,1.1931,-0.5319,-1.7436,2.8739,1.5408,2.2974,1.0,-1.0,-1.0,0,1,0,0,0,0,110898.8293,-47046.4887,0.1729,-141370.9537,-150421.5458,-69207.2156,1,1,0,0.9696,-0.0514,1608.944,-2531.6552,-0.2866,-3506.8629,-1202.6961,-1,-2304.1667,-1,1861.0339,84.8355,101.7421,94.13,-22102.05,6383.9248,6352.0465,6377.8754,10327972.2,490152.9215,6473.2333,740369589.2667,6419.6,740369589.2667,0.0,19.5735,10327972.2,0.0,1288467.0,2785151.5,31.6295,6345.8825,6309.2,6564.7,6308.7,6556.8,200235,256.0,0.9672,0.0309,0.002,1,1,0.0,0,0.0309,0.002,0.7492,0,0,0,0.0,0.3238,1.291,269937.4,232554.2,251006.4,0.7418,0.861,0.7977,-0.4454,4.1104,1312900848.0,-0.4195,-2550517.0,251006.4,-10.1612,-0.7412,965927.9256,-2.6405,-8.3941,-8.9297,-9.085,-8.3208,-8.1471,-8.4487,-5.65,-6.1012,-7.2453,-1.0,-1.0,-1.0,0,1,0,0,0,0,187876.7461,-570928.5296,-0.2521,-521259.0944,-423746.872,-512859.9322,-1,1,-1,0.9383,0.0467,9339.5695,-76339.0997,-0.5351,-78506.5037,-76582.9499,-1,-1923.5538,-1,1142.962,107.8873,63.0346,17.6991,18931.0,6538.0821,6400.4067,6402.0879,58508667.0,1776117.8819,6476.7333,1296868699.0,6292.7667,1296868699.0,0.0,49.6904,58508667.0,0.0,7796288.2643,11881095.9,39.6206,6411.0234,2495.15,3140.5052,1.5259,0.3081,0.6741,0.663,0.5017,0.4545,0.5562,0.2756,0.2311,0.4871,0,0,0,1,0,1,6422.677,0.0,0.0,-3.4483,153,0.4863,-0.8738,0.7071,-0.7071,1,0.0011,0.0,0.0012,0.0013,0.0015,0.0,0.0,0.0013,0.0,0.0,0.0,0.0,0.0,0.0,0.0011,0.0043,27.7,0.014,90.3,0.0456,292.2,6.9
6459.6,6487.5,6441.0,6486.5,26124,6418.2,6511.1,6399.2,6509.4,114374,6309.2,6564.7,6308.7,6556.8,200235,-0.3361,-0.6867,-1.4046,46.5,0.5097,111.9,0.5853,256.0,0.6094,0.196,0.0448,0.0256,6486.5,6509.4,6556.8,0.9966,0.9931,0.986,0,0,0,0,1,0,0.0,0.0,0,0,0,0.0,0.0,0,0,0,0.0,0.0,0,0,0,0.0,0.0,0.0,0,0,0,0,0.0,0.0,0.0,0.0,0,0,0,0,0.0,0.0,0.0,0.0,0,0,0,0,0.0,0,0,0,0,1,0,6459.6,6487.5,6441.0,6486.5,26124,15963.0,35812.2502,-2.0891,-5.7988,-5.9739,-5.8943,-6.8379,-5.9674,-6.191,-5.0022,-4.7634,-5.875,0,1,0,1,0,0,6457.765,6418.2,6511.1,6399.2,6509.4,114374.0,111.9,0.815,0.0152,0.1698,1,1,0.0,0,0.0152,0.1698,0.6585,0,1,0,5.3023,0.4226,1.2376,33604.4,51662.1,55706.45,3.4035,2.2139,2.0532,5.4494,-0.0161,744506115.6,5.5401,-153269.0,55706.45,-2.7514,-0.5757,157164.8069,-0.9752,-3.4921,-2.9229,-4.0924,1.1931,-0.5319,-1.7436,2.8739,1.5408,2.2974,1.0,-1.0,-1.0,0,1,0,0,0,0,110898.8293,-47046.4887,0.1729,-141370.9537,-150421.5458,-69207.2156,1,1,0,0.9696,-0.0514,1608.944,-2531.6552,-0.2866,-3506.8629,-1202.6961,-1,-2304.1667,-1,1861.0339,84.8355,101.7421,94.13,-22102.05,6383.9248,6352.0465,6377.8754,10327972.2,490152.9215,6473.2333,740369589.2667,6419.6,740369589.2667,0.0,19.5735,10327972.2,0.0,1288467.0,2785151.5,31.6295,6345.8825,6309.2,6564.7,6308.7,6556.8,200235,256.0,0.9672,0.0309,0.002,1,1,0.0,0,0.0309,0.002,0.7492,0,0,0,0.0,0.3238,1.291,269937.4,232554.2,251006.4,0.7418,0.861,0.7977,-0.4454,4.1104,1312900848.0,-0.4195,-2550517.0,251006.4,-10.1612,-0.7412,965927.9256,-2.6405,-8.3941,-8.9297,-9.085,-8.3208,-8.1471,-8.4487,-5.65,-6.1012,-7.2453,-1.0,-1.0,-1.0,0,1,0,0,0,0,187876.7461,-570928.5296,-0.2521,-521259.0944,-423746.872,-512859.9322,-1,1,-1,0.9383,0.0467,9339.5695,-76339.0997,-0.5351,-78506.5037,-76582.9499,-1,-1923.5538,-1,1142.962,107.8873,63.0346,17.6991,18931.0,6538.0821,6400.4067,6402.0879,58508667.0,1776117.8819,6476.7333,1296868699.0,6292.7667,1296868699.0,0.0,49.6904,58508667.0,0.0,7796288.2643,11881095.9,39.6206,6411.0234,2638.9,3079.6687,-0.1068,0.3263,0.5289,0.5843,0.5186,0.3993,0.4965,0.2596,0.2171,0.44,0,0,0,0,0,0,6427.5961,0.0,0.0,-24.6851,153,0.4863,-0.8738,0.7071,-0.7071,1,-0.0001,0.0015,0.0012,0.0014,0.0014,0.0015,0.0,0.0014,0.0,0.0,0.0,0.0,0.0,0.0,-0.0001,0.0043,27.7,0.014,90.3,0.0456,292.2,-0.9
6459.6,6487.5,6441.0,6486.5,26124,6418.2,6511.1,6399.2,6509.4,114374,6309.2,6564.7,6308.7,6556.8,200235,-0.259,-0.6099,-1.3284,46.5,0.6172,111.9,0.63,256.0,0.6289,0.0508,0.0116,0.0066,6486.5,6509.4,6556.8,0.9974,0.9939,0.9867,0,0,0,0,1,0,0.0,0.0,0,0,0,0.0,0.0,0,0,0,0.0,0.0,0,0,0,0.0,0.0,0.0,0,0,0,0,0.0,0.0,0.0,0.0,0,0,0,0,0.0,0.0,0.0,0.0,0,0,0,0,0.0,0,0,0,0,1,0,6459.6,6487.5,6441.0,6486.5,26124,15963.0,35812.2502,-2.0891,-5.7988,-5.9739,-5.8943,-6.8379,-5.9674,-6.191,-5.0022,-4.7634,-5.875,0,1,0,1,0,0,6458.866,6418.2,6511.1,6399.2,6509.4,114374.0,111.9,0.815,0.0152,0.1698,1,1,0.0,0,0.0152,0.1698,0.6585,0,1,0,5.3023,0.4226,1.2376,33604.4,51662.1,55706.45,3.4035,2.2139,2.0532,5.4494,-0.0161,744506115.6,5.5401,-153269.0,55706.45,-2.7514,-0.5757,157164.8069,-0.9752,-3.4921,-2.9229,-4.0924,1.1931,-0.5319,-1.7436,2.8739,1.5408,2.2974,1.0,-1.0,-1.0,0,1,0,0,0,0,110898.8293,-47046.4887,0.1729,-141370.9537,-150421.5458,-69207.2156,1,1,0,0.9696,-0.0514,1608.944,-2531.6552,-0.2866,-3506.8629,-1202.6961,-1,-2304.1667,-1,1861.0339,84.8355,101.7421,94.13,-22102.05,6383.9248,6352.0465,6377.8754,10327972.2,490152.9215,6473.2333,740369589.2667,6419.6,740369589.2667,0.0,19.5735,10327972.2,0.0,1288467.0,2785151.5,31.6295,6345.8825,6309.2,6564.7,6308.7,6556.8,200235,256.0,0.9672,0.0309,0.002,1,1,0.0,0,0.0309,0.002,0.7492,0,0,0,0.0,0.3238,1.291,269937.4,232554.2,251006.4,0.7418,0.861,0.7977,-0.4454,4.1104,1312900848.0,-0.4195,-2550517.0,251006.4,-10.1612,-0.7412,965927.9256,-2.6405,-8.3941,-8.9297,-9.085,-8.3208,-8.1471,-8.4487,-5.65,-6.1012,-7.2453,-1.0,-1.0,-1.0,0,1,0,0,0,0,187876.7461,-570928.5296,-0.2521,-521259.0944,-423746.872,-512859.9322,-1,1,-1,0.9383,0.0467,9339.5695,-76339.0997,-0.5351,-78506.5037,-76582.9499,-1,-1923.5538,-1,1142.962,107.8873,63.0346,17.6991,18931.0,6538.0821,6400.4067,6402.0879,58508667.0,1776117.8819,6476.7333,1296868699.0,6292.7667,1296868699.0,0.0,49.6904,58508667.0,0.0,7796288.2643,11881095.9,39.6206,6411.0234,2629.35,3018.808,0.3309,0.4396,0.5018,0.5941,0.6012,0.3975,0.4833,0.2642,0.2235,0.4356,0,1,0,1,0,1,6430.9143,0.0,0.0,-12.0907,153,0.4863,-0.8738,0.7071,-0.7071,1,0.0008,0.0015,0.0012,0.0014,0.0014,0.0015,0.0,0.0014,0.0,0.0,0.0,0.0,0.0,0.0,0.0008,0.0043,27.7,0.014,90.3,0.0456,292.2,5.0
6459.6,6487.5,6441.0,6486.5,26124,6418.2,6511.1,6399.2,6509.4,114374,6309.2,6564.7,6308.7,6556.8,200235,-0.2127,-0.5638,-1.2826,46.5,0.6817,111.9,0.6568,256.0,0.6406,0.0681,0.0156,0.0089,6486.5,6509.4,6556.8,0.9979,0.9944,0.9872,0,0,0,0,1,0,0.0,0.0,0,0,0,0.0,0.0,0,0,0,0.0,0.0,0,0,0,0.0,0.0,0.0,0,0,0,0,0.0,0.0,0.0,0.0,0,0,0,0,0.0,0.0,0.0,0.0,0,0,0,0,0.0,0,0,0,0,1,0,6459.6,6487.5,6441.0,6486.5,26124,15963.0,35812.2502,-2.0891,-5.7988,-5.9739,-5.8943,-6.8379,-5.9674,-6.191,-5.0022,-4.7634,-5.875,0,1,0,1,0,0,6460.0296,6418.2,6511.1,6399.2,6509.4,114374.0,111.9,0.815,0.0152,0.1698,1,1,0.0,0,0.0152,0.1698,0.6585,0,1,0,5.3023,0.4226,1.2376,33604.4,51662.1,55706.45,3.4035,2.2139,2.0532,5.4494,-0.0161,744506115.6,5.5401,-153269.0,55706.45,-2.7514,-0.5757,157164.8069,-0.9752,-3.4921,-2.9229,-4.0924,1.1931,-0.5319,-1.7436,2.8739,1.5408,2.2974,1.0,-1.0,-1.0,0,1,0,0,0,0,110898.8293,-47046.4887,0.1729,-141370.9537,-150421.5458,-69207.2156,1,1,0,0.9696,-0.0514,1608.944,-2531.6552,-0.2866,-3506.8629,-1202.6961,-1,-2304.1667,-1,1861.0339,84.8355,101.7421,94.13,-22102.05,6383.9248,6352.0465,6377.8754,10327972.2,490152.9215,6473.2333,740369589.2667,6419.6,740369589.2667,0.0,19.5735,10327972.2,0.0,1288467.0,2785151.5,31.6295,6345.8825,6309.2,6564.7,6308.7,6556.8,200235,256.0,0.9672,0.0309,0.002,1,1,0.0,0,0.0309,0.002,0.7492,0,0,0,0.0,0.3238,1.291,269937.4,232554.2,251006.4,0.7418,0.861,0.7977,-0.4454,4.1104,1312900848.0,-0.4195,-2550517.0,251006.4,-10.1612,-0.7412,965927.9256,-2.6405,-8.3941,-8.9297,-9.085,-8.3208,-8.1471,-8.4487,-5.65,-6.1012,-7.2453,-1.0,-1.0,-1.0,0,1,0,0,0,0,187876.7461,-570928.5296,-0.2521,-521259.0944,-423746.872,-512859.9322,-1,1,-1,0.9383,0.0467,9339.5695,-76339.0997,-0.5351,-78506.5037,-76582.9499,-1,-1923.5538,-1,1142.962,107.8873,63.0346,17.6991,18931.0,6538.0821,6400.4067,6402.0879,58508667.0,1776117.8819,6476.7333,1296868699.0,6292.7667,1296868699.0,0.0,49.6904,58508667.0,0.0,7796288.2643,11881095.9,39.6206,6411.0234,2677.65,2990.9514,0.9288,0.5753,0.5992,0.7028,0.6993,0.4584,0.5249,0.2928,0.2554,0.4786,0,1,0,1,0,0,6438.7812,0.0,0.0,-11.655,153,0.4863,-0.8738,0.7071,-0.7071,1,0.0005,0.0015,0.0012,0.0012,0.0013,0.0015,0.0,0.0012,0.0,0.0,0.0,0.0,0.0,0.0,0.0005,0.0043,27.7,0.014,90.3,0.0456,292.2,3.0
6459.6,6487.5,6441.0,6486.5,26124,6418.2,6511.1,6399.2,6509.4,114374,6309.2,6564.7,6308.7,6556.8,200235,-0.1973,-0.5484,-1.2674,46.5,0.7032,111.9,0.6658,256.0,0.6445,0.0681,0.0156,0.0089,6486.5,6509.4,6556.8,0.998,0.9945,0.9873,0,0,0,0,1,0,0.0,0.0,0,0,0,0.0,0.0,0,0,0,0.0,0.0,0,0,0,0.0,0.0,0.0,0,0,0,0,0.0,0.0,0.0,0.0,0,0,0,0,0.0,0.0,0.0,0.0,0,0,0,0,0.0,0,0,0,0,1,0,6459.6,6487.5,6441.0,6486.5,26124,15963.0,35812.2502,-2.0891,-5.7988,-5.9739,-5.8943,-6.8379,-5.9674,-6.191,-5.0022,-4.7634,-5.875,0,1,0,1,0,0,6460.9784,6418.2,6511.1,6399.2,6509.4,114374.0,111.9,0.815,0.0152,0.1698,1,1,0.0,0,0.0152,0.1698,0.6585,0,1,0,5.3023,0.4226,1.2376,33604.4,51662.1,55706.45,3.4035,2.2139,2.0532,5.4494,-0.0161,744506115.6,5.5401,-153269.0,55706.45,-2.7514,-0.5757,157164.8069,-0.9752,-3.4921,-2.9229,-4.0924,1.1931,-0.5319,-1.7436,2.8739,1.5408,2.2974,1.0,-1.0,-1.0,0,1,0,0,0,0,110898.8293,-47046.4887,0.1729,-141370.9537,-150421.5458,-69207.2156,1,1,0,0.9696,-0.0514,1608.944,-2531.6552,-0.2866,-3506.8629,-1202.6961,-1,-2304.1667,-1,1861.0339,84.8355,101.7421,94.13,-22102.05,6383.9248,6352.0465,6377.8754,10327972.2,490152.9215,6473.2333,740369589.2667,6419.6,740369589.2667,0.0,19.5735,10327972.2,0.0,1288467.0,2785151.5,31.6295,6345.8825,6309.2,6564.7,6308.7,6556.8,200235,256.0,0.9672,0.0309,0.002,1,1,0.0,0,0.0309,0.002,0.7492,0,0,0,0.0,0.3238,1.291,269937.4,232554.2,251006.4,0.7418,0.861,0.7977,-0.4454,4.1104,1312900848.0,-0.4195,-2550517.0,251006.4,-10.1612,-0.7412,965927.9256,-2.6405,-8.3941,-8.9297,-9.085,-8.3208,-8.1471,-8.4487,-5.65,-6.1012,-7.2453,-1.0,-1.0,-1.0,0,1,0,0,0,0,187876.7461,-570928.5296,-0.2521,-521259.0944,-423746.872,-512859.9322,-1,1,-1,0.9383,0.0467,9339.5695,-76339.0997,-0.5351,-78506.5037,-76582.9499,-1,-1923.5538,-1,1142.962,107.8873,63.0346,17.6991,18931.0,6538.0821,6400.4067,6402.0879,58508667.0,1776117.8819,6476.7333,1296868699.0,6292.7667,1296868699.0,0.0,49.6904,58508667.0,0.0,7796288.2643,11881095.9,39.6206,6411.0234,2606.1,3027.0919,1.5054,0.8195,0.8082,0.9161,0.746,0.5813,0.6248,0.3448,0.314,0.5662,0,0,0,1,0,0,6438.7812,0.0,45.1808,-9.324,153,0.4863,-0.8738,0.7071,-0.7071,1,0.0002,0.0014,0.0012,0.0009,0.0013,0.0014,0.0,0.0009,0.0,0.0,0.0,0.0,0.0,0.0,0.0002,0.0043,27.7,0.014,90.3,0.0456,292.2,1.0
6459.6,6487.5,6441.0,6486.5,26124,6418.2,6511.1,6399.2,6509.4,114374,6309.2,6564.7,6308.7,6556.8,200235,-0.1835,-0.5346,-1.2537,46.5,0.7226,111.9,0.6738,256.0,0.648,0.0254,0.0058,0.0033,6486.5,6509.4,6556.8,0.9982,0.9947,0.9875,0,0,0,0,1,0,0.0,6470.3043,1,0,20,0.0,0.0,0,0,0,0.0,0.0,0,0,0,0.0,-0.0007,0.0,0,1,0,1,0.0,0.0,0.0,0.0,0,0,0,0,0.0,0.0,0.0,0.0,0,0,0,0,0.0,0,1,0,0,0,1,6459.6,6487.5,6441.0,6486.5,26124,15963.0,35812.2502,-2.0891,-5.7988,-5.9739,-5.8943,-6.8379,-5.9674,-6.191,-5.0022,-4.7634,-5.875,0,1,0,1,0,0,6461.5487,6418.2,6511.1,6399.2,6509.4,114374.0,111.9,0.815,0.0152,0.1698,1,1,0.0,0,0.0152,0.1698,0.6585,0,1,0,5.3023,0.4226,1.2376,33604.4,51662.1,55706.45,3.4035,2.2139,2.0532,5.4494,-0.0161,744506115.6,5.5401,-153269.0,55706.45,-2.7514,-0.5757,157164.8069,-0.9752,-3.4921,-2.9229,-4.0924,1.1931,-0.5319,-1.7436,2.8739,1.5408,2.2974,1.0,-1.0,-1.0,0,1,0,0,0,0,110898.8293,-47046.4887,0.1729,-141370.9537,-150421.5458,-69207.2156,1,1,0,0.9696,-0.0514,1608.944,-2531.6552,-0.2866,-3506.8629,-1202.6961,-1,-2304.1667,-1,1861.0339,84.8355,101.7421,94.13,-22102.05,6383.9248,6352.0465,6377.8754,10327972.2,490152.9215,6473.2333,740369589.2667,6419.6,740369589.2667,0.0,19.5735,10327972.2,0.0,1288467.0,2785151.5,31.6295,6345.8825,6309.2,6564.7,6308.7,6556.8,200235,256.0,0.9672,0.0309,0.002,1,1,0.0,0,0.0309,0.002,0.7492,0,0,0,0.0,0.3238,1.291,269937.4,232554.2,251006.4,0.7418,0.861,0.7977,-0.4454,4.1104,1312900848.0,-0.4195,-2550517.0,251006.4,-10.1612,-0.7412,965927.9256,-2.6405,-8.3941,-8.9297,-9.085,-8.3208,-8.1471,-8.4487,-5.65,-6.1012,-7.2453,-1.0,-1.0,-1.0,0,1,0,0,0,0,187876.7461,-570928.5296,-0.2521,-521259.0944,-423746.872,-512859.9322,-1,1,-1,0.9383,0.0467,9339.5695,-76339.0997,-0.5351,-78506.5037,-76582.9499,-1,-1923.5538,-1,1142.962,107.8873,63.0346,17.6991,18931.0,6538.0821,6400.4067,6402.0879,58508667.0,1776117.8819,6476.7333,1296868699.0,6292.7667,1296868699.0,0.0,49.6904,58508667.0,0.0,7796288.2643,11881095.9,39.6206,6411.0234,2532.6,3084.9223,1.6921,0.9997,1.036,1.1419,0.7543,0.7222,0.75,0.404,0.3825,0.6658,0,0,0,0,0,0,6441.3528,0.0,44.8855,-8.4469,153,0.4863,-0.8738,0.7071,-0.7071,1,0.0001,0.0014,0.0012,0.0004,0.001,0.0014,0.0,0.0004,0.0,0.0,0.0,0.0,0.0,0.0,0.0001,0.0043,27.7,0.014,90.3,0.0456,292.2,0.9
6459.6,6487.5,6441.0,6486.5,26124,6418.2,6511.1,6399.2,6509.4,114374,6309.2,6564.7,6308.7,6556.8,200235,-0.0601,-0.4117,-1.1316,46.5,0.8946,111.9,0.7453,256.0,0.6793,0.0552,0.0126,0.0072,6486.5,6509.4,6556.8,0.9994,0.9959,0.9887,0,0,0,0,1,0,0.0,6470.3043,1,0,21,0.0,0.0,0,0,0,0.0,0.0,0,0,0,0.0,-0.0019,0.0,0,1,0,1,0.0,0.0,0.0,0.0,0,0,0,0,0.0,0.0,0.0,0.0,0,0,0,0,0.0,0,1,0,0,0,1,6459.6,6487.5,6441.0,6486.5,26124,15963.0,35812.2502,-2.0891,-5.7988,-5.9739,-5.8943,-6.8379,-5.9674,-6.191,-5.0022,-4.7634,-5.875,0,1,0,1,0,0,6463.2133,6418.2,6511.1,6399.2,6509.4,114374.0,111.9,0.815,0.0152,0.1698,1,1,0.0,0,0.0152,0.1698,0.6585,0,1,0,5.3023,0.4226,1.2376,33604.4,51662.1,55706.45,3.4035,2.2139,2.0532,5.4494,-0.0161,744506115.6,5.5401,-153269.0,55706.45,-2.7514,-0.5757,157164.8069,-0.9752,-3.4921,-2.9229,-4.0924,1.1931,-0.5319,-1.7436,2.8739,1.5408,2.2974,1.0,-1.0,-1.0,0,1,0,0,0,0,110898.8293,-47046.4887,0.1729,-141370.9537,-150421.5458,-69207.2156,1,1,0,0.9696,-0.0514,1608.944,-2531.6552,-0.2866,-3506.8629,-1202.6961,-1,-2304.1667,-1,1861.0339,84.8355,101.7421,94.13,-22102.05,6383.9248,6352.0465,6377.8754,10327972.2,490152.9215,6473.2333,740369589.2667,6419.6,740369589.2667,0.0,19.5735,10327972.2,0.0,1288467.0,2785151.5,31.6295,6345.8825,6309.2,6564.7,6308.7,6556.8,200235,256.0,0.9672,0.0309,0.002,1,1,0.0,0,0.0309,0.002,0.7492,0,0,0,0.0,0.3238,1.291,269937.4,232554.2,251006.4,0.7418,0.861,0.7977,-0.4454,4.1104,1312900848.0,-0.4195,-2550517.0,251006.4,-10.1612,-0.7412,965927.9256,-2.6405,-8.3941,-8.9297,-9.085,-8.3208,-8.1471,-8.4487,-5.65,-6.1012,-7.2453,-1.0,-1.0,-1.0,0,1,0,0,0,0,187876.7461,-570928.5296,-0.2521,-521259.0944,-423746.872,-512859.9322,-1,1,-1,0.9383,0.0467,9339.5695,-76339.0997,-0.5351,-78506.5037,-76582.9499,-1,-1923.5538,-1,1142.962,107.8873,63.0346,17.6991,18931.0,6538.0821,6400.4067,6402.0879,58508667.0,1776117.8819,6476.7333,1296868699.0,6292.7667,1296868699.0,0.0,49.6904,58508667.0,0.0,7796288.2643,11881095.9,39.6206,6411.0234,2461.65,3206.8245,2.0774,1.1194,1.3397,1.4522,0.7293,0.9112,0.9359,0.4808,0.4736,0.7975,0,0,0,0,0,0,6447.3636,0.0,44.9784,-2.3474,153,0.4863,-0.8738,0.7071,-0.7071,1,0.0012,0.0013,0.0012,0.0005,0.001,0.0013,0.0,0.0005,0.0,0.0,0.0,0.0,0.0,0.0,0.0012,0.0043,27.7,0.014,90.3,0.0456,292.2,8.0
6459.6,6487.5,6441.0,6486.5,26124,6418.2,6511.1,6399.2,6509.4,114374,6309.2,6564.7,6308.7,6556.8,200235,0.0,-0.3518,-1.0722,46.5,0.9785,111.9,0.7802,256.0,0.6945,0.0479,0.0109,0.0063,6486.5,6509.4,6556.8,1.0,0.9965,0.9893,0,0,0,0,1,0,6422.0,6470.3043,2,21,22,0.0,0.0,0,0,0,0.0,0.0,0,0,0,0.0099,-0.0025,1.3353,0,1,0,1,0.0074,0.0,0.0,0.0,0,0,0,0,0.0,0.0,0.0,0.0,0,0,0,0,0.0,0,1,0,0,0,1,6459.6,6487.5,6441.0,6486.5,26124,15963.0,35812.2502,-2.0891,-5.7988,-5.9739,-5.8943,-6.8379,-5.9674,-6.191,-5.0022,-4.7634,-5.875,0,1,0,1,0,0,6465.568,6418.2,6511.1,6399.2,6509.4,114374.0,111.9,0.815,0.0152,0.1698,1,1,0.0,0,0.0152,0.1698,0.6585,0,1,0,5.3023,0.4226,1.2376,33604.4,51662.1,55706.45,3.4035,2.2139,2.0532,5.4494,-0.0161,744506115.6,5.5401,-153269.0,55706.45,-2.7514,-0.5757,157164.8069,-0.9752,-3.4921,-2.9229,-4.0924,1.1931,-0.5319,-1.7436,2.8739,1.5408,2.2974,1.0,-1.0,-1.0,0,1,0,0,0,0,110898.8293,-47046.4887,0.1729,-141370.9537,-150421.5458,-69207.2156,1,1,0,0.9696,-0.0514,1608.944,-2531.6552,-0.2866,-3506.8629,-1202.6961,-1,-2304.1667,-1,1861.0339,84.8355,101.7421,94.13,-22102.05,6383.9248,6352.0465,6377.8754,10327972.2,490152.9215,6473.2333,740369589.2667,6419.6,740369589.2667,0.0,19.5735,10327972.2,0.0,1288467.0,2785151.5,31.6295,6345.8825,6309.2,6564.7,6308.7,6556.8,200235,256.0,0.9672,0.0309,0.002,1,1,0.0,0,0.0309,0.002,0.7492,0,0,0,0.0,0.3238,1.291,269937.4,232554.2,251006.4,0.7418,0.861,0.7977,-0.4454,4.1104,1312900848.0,-0.4195,-2550517.0,251006.4,-10.1612,-0.7412,965927.9256,-2.6405,-8.3941,-8.9297,-9.085,-8.3208,-8.1471,-8.4487,-5.65,-6.1012,-7.2453,-1.0,-1.0,-1.0,0,1,0,0,0,0,187876.7461,-570928.5296,-0.2521,-521259.0944,-423746.872,-512859.9322,-1,1,-1,0.9383,0.0467,9339.5695,-76339.0997,-0.5351,-78506.5037,-76582.9499,-1,-1923.5538,-1,1142.962,107.8873,63.0346,17.6991,18931.0,6538.0821,6400.4067,6402.0879,58508667.0,1776117.8819,6476.7333,1296868699.0,6292.7667,1296868699.0,0.0,49.6904,58508667.0,0.0,7796288.2643,11881095.9,39.6206,6411.0234,2436.3,3380.7379,2.3409,1.3936,1.6867,1.8393,0.7728,1.1338,1.1759,0.57,0.5824,0.9507,0,0,0,0,0,0,6451.0335,0.0,45.2893,-2.1505,153,0.4863,-0.8738,0.7071,-0.7071,1,0.0006,0.0013,0.0012,0.0004,0.001,0.0013,0.0,0.0004,0.0,0.0,0.0,0.0,0.0,0.0,0.0006,0.0043,27.7,0.014,90.3,0.0456,292.2,3.9
6486.6,6511.1,6468.6,6509.4,27929,6418.2,6511.1,6399.2,6509.4,114374,6309.2,6564.7,6308.7,6556.8,200235,-0.3672,-0.3672,-1.0874,42.5,0.3976,111.9,0.7712,256.0,0.6906,0.064,0.0156,0.0089,6509.4,6509.4,6556.8,0.9963,0.9963,0.9891,0,0,0,0,1,0,6422.0,6470.3043,2,21,23,0.0,0.0,0,0,0,0.0,0.0,0,0,0,0.0098,-0.0023,1.3146,0,1,0,1,0.0074,0.0,0.0,0.0,0,0,0,0,0.0,0.0,0.0,0.0,0,0,0,0,0.0,0,1,0,0,0,1,6486.6,6511.1,6468.6,6509.4,27929,15751.75,35896.6276,-1.3061,-5.5268,-5.4289,-5.3811,-6.4846,-5.6826,-5.8232,-4.9591,-4.6934,-5.7543,0,0,0,1,0,0,6468.9593,6418.2,6511.1,6399.2,6509.4,114374.0,111.9,0.815,0.0152,0.1698,1,1,0.0,0,0.0152,0.1698,0.6585,0,1,0,5.3023,0.4226,1.2376,33604.4,51662.1,55706.45,3.4035,2.2139,2.0532,5.4494,-0.0161,744506115.6,5.5401,-153269.0,55706.45,-2.7514,-0.5757,157164.8069,-0.9752,-3.4921,-2.9229,-4.0924,1.1931,-0.5319,-1.7436,2.8739,1.5408,2.2974,1.0,-1.0,-1.0,0,1,0,0,0,0,110898.8293,-47046.4887,0.1729,-141370.9537,-150421.5458,-69207.2156,1,1,0,0.9696,-0.0514,1608.944,-2531.6552,-0.2866,-3506.8629,-1202.6961,-1,-2304.1667,-1,1861.0339,84.8355,101.7421,94.13,-22102.05,6383.9248,6352.0465,6377.8754,10327972.2,490152.9215,6473.2333,740369589.2667,6419.6,740369589.2667,0.0,19.5735,10327972.2,0.0,1288467.0,2785151.5,31.6295,6345.8825,6309.2,6564.7,6308.7,6556.8,200235,256.0,0.9672,0.0309,0.002,1,1,0.0,0,0.0309,0.002,0.7492,0,0,0,0.0,0.3238,1.291,269937.4,232554.2,251006.4,0.7418,0.861,0.7977,-0.4454,4.1104,1312900848.0,-0.4195,-2550517.0,251006.4,-10.1612,-0.7412,965927.9256,-2.6405,-8.3941,-8.9297,-9.085,-8.3208,-8.1471,-8.4487,-5.65,-6.1012,-7.2453,-1.0,-1.0,-1.0,0,1,0,0,0,0,187876.7461,-570928.5296,-0.2521,-521259.0944,-423746.872,-512859.9322,-1,1,-1,0.9383,0.0467,9339.5695,-76339.0997,-0.5351,-78506.5037,-76582.9499,-1,-1923.5538,-1,1142.962,107.8873,63.0346,17.6991,18931.0,6538.0821,6400.4067,6402.0879,58508667.0,1776117.8819,6476.7333,1296868699.0,6292.7667,1296868699.0,0.0,49.6904,58508667.0,0.0,7796288.2643,11881095.9,39.6206,6411.0234,2424.6,3431.6772,1.7851,1.6748,1.8394,2.0453,0.7302,1.2664,1.3429,0.6312,0.6587,1.0462,0,0,0,0,0,0,6453.7903,0.0,45.578,-4.3011,153,0.4863,-0.8738,0.5,-0.866,1,-0.0002,0.0012,0.0012,0.0005,0.001,0.0012,0.0,0.0005,0.0,0.0,0.0,0.0,0.0,0.0,-0.0002,0.0035,22.9,0.014,90.3,0.0456,292.2,-1.0
6486.6,6511.1,6468.6,6509.4,27929,6418.2,6511.1,6399.2,6509.4,114374,6309.2,6564.7,6308.7,6556.8,200235,-0.3994,-0.3994,-1.1194,42.5,0.3482,111.9,0.7525,256.0,0.6824,0.0776,0.0189,0.0108,6509.4,6509.4,6556.8,0.996,0.996,0.9888,0,0,0,0,1,0,6422.0,6470.3043,2,21,24,0.0,0.0,0,0,0,0.0,0.0,0,0,0,0.0095,-0.002,1.2711,0,1,0,1,0.0075,0.0,0.0,0.0,0,0,0,0,0.0,0.0,0.0,0.0,0,0,0,0,0.0,0,1,0,0,0,1,6486.6,6511.1,6468.6,6509.4,27929,15751.75,35896.6276,-1.3061,-5.5268,-5.4289,-5.3811,-6.4846,-5.6826,-5.8232,-4.9591,-4.6934,-5.7543,0,0,0,1,0,0,6473.7156,6418.2,6511.1,6399.2,6509.4,114374.0,111.9,0.815,0.0152,0.1698,1,1,0.0,0,0.0152,0.1698,0.6585,0,1,0,5.3023,0.4226,1.2376,33604.4,51662.1,55706.45,3.4035,2.2139,2.0532,5.4494,-0.0161,744506115.6,5.5401,-153269.0,55706.45,-2.7514,-0.5757,157164.8069,-0.9752,-3.4921,-2.9229,-4.0924,1.1931,-0.5319,-1.7436,2.8739,1.5408,2.2974,1.0,-1.0,-1.0,0,1,0,0,0,0,110898.8293,-47046.4887,0.1729,-141370.9537,-150421.5458,-69207.2156,1,1,0,0.9696,-0.0514,1608.944,-2531.6552,-0.2866,-3506.8629,-1202.6961,-1,-2304.1667,-1,1861.0339,84.8355,101.7421,94.13,-22102.05,6383.9248,6352.0465,6377.8754,10327972.2,490152.9215,6473.2333,740369589.2667,6419.6,740369589.2667,0.0,19.5735,10327972.2,0.0,1288467.0,2785151.5,31.6295,6345.8825,6309.2,6564.7,6308.7,6556.8,200235,256.0,0.9672,0.0309,0.002,1,1,0.0,0,0.0309,0.002,0.7492,0,0,0,0.0,0.3238,1.291,269937.4,232554.2,251006.4,0.7418,0.861,0.7977,-0.4454,4.1104,1312900848.0,-0.4195,-2550517.0,251006.4,-10.1612,-0.7412,965927.9256,-2.6405,-8.3941,-8.9297,-9.085,-8.3208,-8.1471,-8.4487,-5.65,-6.1012,-7.2453,-1.0,-1.0,-1.0,0,1,0,0,0,0,187876.7461,-570928.5296,-0.2521,-521259.0944,-423746.872,-512859.9322,-1,1,-1,0.9383,0.0467,9339.5695,-76339.0997,-0.5351,-78506.5037,-76582.9499,-1,-1923.5538,-1,1142.962,107.8873,63.0346,17.6991,18931.0,6538.0821,6400.4067,6402.0879,58508667.0,1776117.8819,6476.7333,1296868699.0,6292.7667,1296868699.0,0.0,49.6904,58508667.0,0.0,7796288.2643,11881095.9,39.6206,6411.0234,2159.5,3404.892,1.163,1.7338,1.8384,2.0742,0.8347,1.3205,1.448,0.6676,0.7048,1.0925,0,0,0,0,0,0,6455.8437,0.0,46.014,-12.5773,153,0.4863,-0.8738,0.5,-0.866,1,-0.0003,0.0012,0.0012,0.0006,0.0009,0.0012,0.0,0.0006,0.0,0.0,0.0,0.0,0.0,0.0,-0.0003,0.0035,22.9,0.014,90.3,0.0456,292.2,-2.1
6486.6,6511.1,6468.6,6509.4,27929,6418.2,6511.1,6399.2,6509.4,114374,6309.2,6564.7,6308.7,6556.8,200235,-0.55,-0.55,-1.2689,42.5,0.1176,111.9,0.6649,256.0,0.6441,0.0319,0.0078,0.0045,6509.4,6509.4,6556.8,0.9945,0.9945,0.9873,0,0,0,0,1,0,6422.0,6470.3043,2,21,25,0.0,0.0,0,0,0,0.0,0.0,0,0,0,0.008,-0.0005,1.0682,0,1,0,1,0.0075,0.0,0.0,0.0,0,0,0,0,0.0,0.0,0.0,0.0,0,0,0,0,0.0,0,1,0,0,0,1,6486.6,6511.1,6468.6,6509.4,27929,15751.75,35896.6276,-1.3061,-5.5268,-5.4289,-5.3811,-6.4846,-5.6826,-5.8232,-4.9591,-4.6934,-5.7543,0,0,0,1,0,0,6474.9023,6418.2,6511.1,6399.2,6509.4,114374.0,111.9,0.815,0.0152,0.1698,1,1,0.0,0,0.0152,0.1698,0.6585,0,1,0,5.3023,0.4226,1.2376,33604.4,51662.1,55706.45,3.4035,2.2139,2.0532,5.4494,-0.0161,744506115.6,5.5401,-153269.0,55706.45,-2.7514,-0.5757,157164.8069,-0.9752,-3.4921,-2.9229,-4.0924,1.1931,-0.5319,-1.7436,2.8739,1.5408,2.2974,1.0,-1.0,-1.0,0,1,0,0,0,0,110898.8293,-47046.4887,0.1729,-141370.9537,-150421.5458,-69207.2156,1,1,0,0.9696,-0.0514,1608.944,-2531.6552,-0.2866,-3506.8629,-1202.6961,-1,-2304.1667,-1,1861.0339,84.8355,101.7421,94.13,-22102.05,6383.9248,6352.0465,6377.8754,10327972.2,490152.9215,6473.2333,740369589.2667,6419.6,740369589.2667,0.0,19.5735,10327972.2,0.0,1288467.0,2785151.5,31.6295,6345.8825,6309.2,6564.7,6308.7,6556.8,200235,256.0,0.9672,0.0309,0.002,1,1,0.0,0,0.0309,0.002,0.7492,0,0,0,0.0,0.3238,1.291,269937.4,232554.2,251006.4,0.7418,0.861,0.7977,-0.4454,4.1104,1312900848.0,-0.4195,-2550517.0,251006.4,-10.1612,-0.7412,965927.9256,-2.6405,-8.3941,-8.9297,-9.085,-8.3208,-8.1471,-8.4487,-5.65,-6.1012,-7.2453,-1.0,-1.0,-1.0,0,1,0,0,0,0,187876.7461,-570928.5296,-0.2521,-521259.0944,-423746.872,-512859.9322,-1,1,-1,0.9383,0.0467,9339.5695,-76339.0997,-0.5351,-78506.5037,-76582.9499,-1,-1923.5538,-1,1142.962,107.8873,63.0346,17.6991,18931.0,6538.0821,6400.4067,6402.0879,58508667.0,1776117.8819,6476.7333,1296868699.0,6292.7667,1296868699.0,0.0,49.6904,58508667.0,0.0,7796288.2643,11881095.9,39.6206,6411.0234,2005.35,3362.8029,0.9123,1.6947,1.7823,2.0371,1.0014,1.3404,1.5142,0.693,0.7371,1.1175,0,0,0,0,0,0,6455.8437,0.0,44.934,-32.7835,153,0.4863,-0.8738,0.5,-0.866,1,-0.0015,0.0012,0.0012,0.0009,0.0009,0.0012,0.0,0.0009,0.0,0.0,0.0,0.0,0.0,0.0,-0.0015,0.0035,22.9,0.014,90.3,0.0456,292.2,-9.8
6486.6,6511.1,6468.6,6509.4,27929,6418.2,6511.1,6399.2,6509.4,114374,6309.2,6564.7,6308.7,6556.8,200235,-0.5976,-0.5976,-1.3162,42.5,0.0447,111.9,0.6372,256.0,0.632,0.0364,0.0089,0.0051,6509.4,6509.4,6556.8,0.994,0.994,0.9868,0,0,0,0,1,0,6422.0,6470.3043,2,21,26,0.0,0.0,0,0,0,0.0,0.0,0,0,0,0.0075,-0.0,1.0041,0,1,0,1,0.0075,0.0,0.0,0.0,0,0,0,0,0.0,0.0,0.0,0.0,0,0,0,0,0.0,0,1,0,0,0,1,6486.6,6511.1,6468.6,6509.4,27929,15751.75,35896.6276,-1.3061,-5.5268,-5.4289,-5.3811,-6.4846,-5.6826,-5.8232,-4.9591,-4.6934,-5.7543,0,0,0,1,0,0,6477.9206,6418.2,6511.1,6399.2,6509.4,114374.0,111.9,0.815,0.0152,0.1698,1,1,0.0,0,0.0152,0.1698,0.6585,0,1,0,5.3023,0.4226,1.2376,33604.4,51662.1,55706.45,3.4035,2.2139,2.0532,5.4494,-0.0161,744506115.6,5.5401,-153269.0,55706.45,-2.7514,-0.5757,157164.8069,-0.9752,-3.4921,-2.9229,-4.0924,1.1931,-0.5319,-1.7436,2.8739,1.5408,2.2974,1.0,-1.0,-1.0,0,1,0,0,0,0,110898.8293,-47046.4887,0.1729,-141370.9537,-150421.5458,-69207.2156,1,1,0,0.9696,-0.0514,1608.944,-2531.6552,-0.2866,-3506.8629,-1202.6961,-1,-2304.1667,-1,1861.0339,84.8355,101.7421,94.13,-22102.05,6383.9248,6352.0465,6377.8754,10327972.2,490152.9215,6473.2333,740369589.2667,6419.6,740369589.2667,0.0,19.5735,10327972.2,0.0,1288467.0,2785151.5,31.6295,6345.8825,6309.2,6564.7,6308.7,6556.8,200235,256.0,0.9672,0.0309,0.002,1,1,0.0,0,0.0309,0.002,0.7492,0,0,0,0.0,0.3238,1.291,269937.4,232554.2,251006.4,0.7418,0.861,0.7977,-0.4454,4.1104,1312900848.0,-0.4195,-2550517.0,251006.4,-10.1612,-0.7412,965927.9256,-2.6405,-8.3941,-8.9297,-9.085,-8.3208,-8.1471,-8.4487,-5.65,-6.1012,-7.2453,-1.0,-1.0,-1.0,0,1,0,0,0,0,187876.7461,-570928.5296,-0.2521,-521259.0944,-423746.872,-512859.9322,-1,1,-1,0.9383,0.0467,9339.5695,-76339.0997,-0.5351,-78506.5037,-76582.9499,-1,-1923.5538,-1,1142.962,107.8873,63.0346,17.6991,18931.0,6538.0821,6400.4067,6402.0879,58508667.0,1776117.8819,6476.7333,1296868699.0,6292.7667,1296868699.0,0.0,49.6904,58508667.0,0.0,7796288.2643,11881095.9,39.6206,6411.0234,1866.45,3313.8272,0.6192,1.8171,1.6581,1.9288,1.0717,1.3175,1.5235,0.7046,0.7513,1.1165,0,0,0,0,0,0,6455.8437,0.0,43.502,-39.1753,153,0.4863,-0.8738,0.5,-0.866,1,-0.0005,0.0011,0.0012,0.0009,0.0008,0.0011,0.0,0.0009,0.0,0.0,0.0,0.0,0.0,0.0,-0.0005,0.0035,22.9,0.014,90.3,0.0456,292.2,-3.1
6486.6,6511.1,6468.6,6509.4,27929,6418.2,6511.1,6399.2,6509.4,114374,6309.2,6564.7,6308.7,6556.8,200235,-0.5653,-0.5653,-1.2842,42.5,0.0941,111.9,0.6559,256.0,0.6402,0.0387,0.0094,0.0054,6509.4,6509.4,6556.8,0.9943,0.9943,0.9872,0,0,0,0,1,0,6422.0,6470.3043,2,21,27,0.0,0.0,0,0,0,0.0,0.0,0,0,0,0.0078,-0.0004,1.0475,0,1,0,1,0.0075,0.0,0.0,0.0,0,0,0,0,0.0,0.0,0.0,0.0,0,0,0,0,0.0,0,1,0,0,0,1,6486.6,6511.1,6468.6,6509.4,27929,15751.75,35896.6276,-1.3061,-5.5268,-5.4289,-5.3811,-6.4846,-5.6826,-5.8232,-4.9591,-4.6934,-5.7543,0,0,0,1,0,0,6478.3695,6418.2,6511.1,6399.2,6509.4,114374.0,111.9,0.815,0.0152,0.1698,1,1,0.0,0,0.0152,0.1698,0.6585,0,1,0,5.3023,0.4226,1.2376,33604.4,51662.1,55706.45,3.4035,2.2139,2.0532,5.4494,-0.0161,744506115.6,5.5401,-153269.0,55706.45,-2.7514,-0.5757,157164.8069,-0.9752,-3.4921,-2.9229,-4.0924,1.1931,-0.5319,-1.7436,2.8739,1.5408,2.2974,1.0,-1.0,-1.0,0,1,0,0,0,0,110898.8293,-47046.4887,0.1729,-141370.9537,-150421.5458,-69207.2156,1,1,0,0.9696,-0.0514,1608.944,-2531.6552,-0.2866,-3506.8629,-1202.6961,-1,-2304.1667,-1,1861.0339,84.8355,101.7421,94.13,-22102.05,6383.9248,6352.0465,6377.8754,10327972.2,490152.9215,6473.2333,740369589.2667,6419.6,740369589.2667,0.0,19.5735,10327972.2,0.0,1288467.0,2785151.5,31.6295,6345.8825,6309.2,6564.7,6308.7,6556.8,200235,256.0,0.9672,0.0309,0.002,1,1,0.0,0,0.0309,0.002,0.7492,0,0,0,0.0,0.3238,1.291,269937.4,232554.2,251006.4,0.7418,0.861,0.7977,-0.4454,4.1104,1312900848.0,-0.4195,-2550517.0,251006.4,-10.1612,-0.7412,965927.9256,-2.6405,-8.3941,-8.9297,-9.085,-8.3208,-8.1471,-8.4487,-5.65,-6.1012,-7.2453,-1.0,-1.0,-1.0,0,1,0,0,0,0,187876.7461,-570928.5296,-0.2521,-521259.0944,-423746.872,-512859.9322,-1,1,-1,0.9383,0.0467,9339.5695,-76339.0997,-0.5351,-78506.5037,-76582.9499,-1,-1923.5538,-1,1142.962,107.8873,63.0346,17.6991,18931.0,6538.0821,6400.4067,6402.0879,58508667.0,1776117.8819,6476.7333,1296868699.0,6292.7667,1296868699.0,0.0,49.6904,58508667.0,0.0,7796288.2643,11881095.9,39.6206,6411.0234,1865.25,3275.8304,0.9561,1.9471,1.662,1.9038,1.1933,1.3519,1.5814,0.7317,0.7877,1.1469,0,0,0,0,0,0,6455.8437,0.0,42.0082,-37.1429,153,0.4863,-0.8738,0.5,-0.866,1,0.0003,0.0011,0.0012,0.0007,0.0007,0.0011,0.0,0.0007,0.0,0.0,0.0,0.0,0.0,0.0,0.0003,0.0035,22.9,0.014,90.3,0.0456,292.2,2.1
6486.6,6511.1,6468.6,6509.4,27929,6418.2,6511.1,6399.2,6509.4,114374,6309.2,6564.7,6308.7,6556.8,200235,-0.5361,-0.5361,-1.2552,42.5,0.1388,111.9,0.6729,256.0,0.6477,0.0168,0.0041,0.0023,6509.4,6509.4,6556.8,0.9946,0.9946,0.9874,0,0,0,0,1,0,6422.0,6470.3043,2,21,28,0.0,0.0,0,0,0,0.0,0.0,0,0,0,0.0081,-0.0006,1.0869,0,1,0,1,0.0075,0.0,0.0,0.0,0,0,0,0,0.0,0.0,0.0,0.0,0,0,0,0,0.0,0,1,0,0,0,1,6486.6,6511.1,6468.6,6509.4,27929,15751.75,35896.6276,-1.3061,-5.5268,-5.4289,-5.3811,-6.4846,-5.6826,-5.8232,-4.9591,-4.6934,-5.7543,0,0,0,1,0,0,6478.8649,6418.2,6511.1,6399.2,6509.4,114374.0,111.9,0.815,0.0152,0.1698,1,1,0.0,0,0.0152,0.1698,0.6585,0,1,0,5.3023,0.4226,1.2376,33604.4,51662.1,55706.45,3.4035,2.2139,2.0532,5.4494,-0.0161,744506115.6,5.5401,-153269.0,55706.45,-2.7514,-0.5757,157164.8069,-0.9752,-3.4921,-2.9229,-4.0924,1.1931,-0.5319,-1.7436,2.8739,1.5408,2.2974,1.0,-1.0,-1.0,0,1,0,0,0,0,110898.8293,-47046.4887,0.1729,-141370.9537,-150421.5458,-69207.2156,1,1,0,0.9696,-0.0514,1608.944,-2531.6552,-0.2866,-3506.8629,-1202.6961,-1,-2304.1667,-1,1861.0339,84.8355,101.7421,94.13,-22102.05,6383.9248,6352.0465,6377.8754,10327972.2,490152.9215,6473.2333,740369589.2667,6419.6,740369589.2667,0.0,19.5735,10327972.2,0.0,1288467.0,2785151.5,31.6295,6345.8825,6309.2,6564.7,6308.7,6556.8,200235,256.0,0.9672,0.0309,0.002,1,1,0.0,0,0.0309,0.002,0.7492,0,0,0,0.0,0.3238,1.291,269937.4,232554.2,251006.4,0.7418,0.861,0.7977,-0.4454,4.1104,1312900848.0,-0.4195,-2550517.0,251006.4,-10.1612,-0.7412,965927.9256,-2.6405,-8.3941,-8.9297,-9.085,-8.3208,-8.1471,-8.4487,-5.65,-6.1012,-7.2453,-1.0,-1.0,-1.0,0,1,0,0,0,0,187876.7461,-570928.5296,-0.2521,-521259.0944,-423746.872,-512859.9322,-1,1,-1,0.9383,0.0467,9339.5695,-76339.0997,-0.5351,-78506.5037,-76582.9499,-1,-1923.5538,-1,1142.962,107.8873,63.0346,17.6991,18931.0,6538.0821,6400.4067,6402.0879,58508667.0,1776117.8819,6476.7333,1296868699.0,6292.7667,1296868699.0,0.0,49.6904,58508667.0,0.0,7796288.2643,11881095.9,39.6206,6411.0234,1832.25,3245.6627,1.1092,2.0398,1.717,1.907,1.3075,1.4103,1.6548,0.765,0.8339,1.19,0,0,0,0,0,0,6455.8437,0.0,40.6211,-43.2277,153,0.4863,-0.8738,0.5,-0.866,1,0.0003,0.0011,0.0012,0.0007,0.0007,0.0011,0.0,0.0007,0.0,0.0,0.0,0.0,0.0,0.0,0.0003,0.0035,22.9,0.014,90.3,0.0456,292.2,1.9
6486.6,6511.1,6468.6,6509.4,27929,6418.2,6511.1,6399.2,6509.4,114374,6309.2,6564.7,6308.7,6556.8,200235,-0.5192,-0.5192,-1.2384,42.5,0.1647,111.9,0.6828,256.0,0.652,0.0477,0.0116,0.0066,6509.4,6509.4,6556.8,0.9948,0.9948,0.9876,0,0,0,0,1,0,6422.0,6470.3043,2,21,29,0.0,0.0,0,0,0,0.0,0.0,0,0,0,0.0083,-0.0008,1.1096,0,1,0,1,0.0075,0.0,0.0,0.0,0,0,0,0,0.0,0.0,0.0,0.0,0,0,0,0,0.0,0,1,0,0,0,1,6486.6,6511.1,6468.6,6509.4,27929,15751.75,35896.6276,-1.3061,-5.5268,-5.4289,-5.3811,-6.4846,-5.6826,-5.8232,-4.9591,-4.6934,-5.7543,0,0,0,1,0,0,6479.334,6418.2,6511.1,6399.2,6509.4,114374.0,111.9,0.815,0.0152,0.1698,1,1,0.0,0,0.0152,0.1698,0.6585,0,1,0,5.3023,0.4226,1.2376,33604.4,51662.1,55706.45,3.4035,2.2139,2.0532,5.4494,-0.0161,744506115.6,5.5401,-153269.0,55706.45,-2.7514,-0.5757,157164.8069,-0.9752,-3.4921,-2.9229,-4.0924,1.1931,-0.5319,-1.7436,2.8739,1.5408,2.2974,1.0,-1.0,-1.0,0,1,0,0,0,0,110898.8293,-47046.4887,0.1729,-141370.9537,-150421.5458,-69207.2156,1,1,0,0.9696,-0.0514,1608.944,-2531.6552,-0.2866,-3506.8629,-1202.6961,-1,-2304.1667,-1,1861.0339,84.8355,101.7421,94.13,-22102.05,6383.9248,6352.0465,6377.8754,10327972.2,490152.9215,6473.2333,740369589.2667,6419.6,740369589.2667,0.0,19.5735,10327972.2,0.0,1288467.0,2785151.5,31.6295,6345.8825,6309.2,6564.7,6308.7,6556.8,200235,256.0,0.9672,0.0309,0.002,1,1,0.0,0,0.0309,0.002,0.7492,0,0,0,0.0,0.3238,1.291,269937.4,232554.2,251006.4,0.7418,0.861,0.7977,-0.4454,4.1104,1312900848.0,-0.4195,-2550517.0,251006.4,-10.1612,-0.7412,965927.9256,-2.6405,-8.3941,-8.9297,-9.085,-8.3208,-8.1471,-8.4487,-5.65,-6.1012,-7.2453,-1.0,-1.0,-1.0,0,1,0,0,0,0,187876.7461,-570928.5296,-0.2521,-521259.0944,-423746.872,-512859.9322,-1,1,-1,0.9383,0.0467,9339.5695,-76339.0997,-0.5351,-78506.5037,-76582.9499,-1,-1923.5538,-1,1142.962,107.8873,63.0346,17.6991,18931.0,6538.0821,6400.4067,6402.0879,58508667.0,1776117.8819,6476.7333,1296868699.0,6292.7667,1296868699.0,0.0,49.6904,58508667.0,0.0,7796288.2643,11881095.9,39.6206,6411.0234,1855.95,3243.7076,1.5202,2.1306,1.8879,2.0192,1.4751,1.529,1.7834,0.8148,0.9054,1.2652,0,0,0,0,0,0,6455.8437,0.0,39.6371,-45.2769,153,0.4863,-0.8738,0.5,-0.866,1,0.0002,0.0011,0.0012,0.0007,0.0007,0.0011,0.0,0.0007,0.0,0.0,0.0,0.0,0.0,0.0,0.0002,0.0035,22.9,0.014,90.3,0.0456,292.2,1.1
6486.6,6511.1,6468.6,6509.4,27929,6418.2,6511.1,6399.2,6509.4,114374,6309.2,6564.7,6308.7,6556.8,200235,-0.2458,-0.2458,-0.9669,42.5,0.5835,111.9,0.8418,256.0,0.7215,0.1095,0.0267,0.0153,6509.4,6509.4,6556.8,0.9975,0.9975,0.9903,0,0,0,0,1,0,6422.0,6470.3043,1,21,30,0.0,0.0,0,0,0,0.0,0.0,0,0,0,0.011,-0.0036,1.4781,0,1,0,1,0.0074,0.0,0.0,0.0,0,0,0,0,0.0,0.0,0.0,0.0,0,0,0,0,0.0,0,1,0,0,0,1,6486.6,6511.1,6468.6,6509.4,27929,15751.75,35896.6276,-1.3061,-5.5268,-5.4289,-5.3811,-6.4846,-5.6826,-5.8232,-4.9591,-4.6934,-5.7543,0,0,0,1,0,0,6481.6232,6418.2,6511.1,6399.2,6509.4,114374.0,111.9,0.815,0.0152,0.1698,1,1,0.0,0,0.0152,0.1698,0.6585,0,1,0,5.3023,0.4226,1.2376,33604.4,51662.1,55706.45,3.4035,2.2139,2.0532,5.4494,-0.0161,744506115.6,5.5401,-153269.0,55706.45,-2.7514,-0.5757,157164.8069,-0.9752,-3.4921,-2.9229,-4.0924,1.1931,-0.5319,-1.7436,2.8739,1.5408,2.2974,1.0,-1.0,-1.0,0,1,0,0,0,0,110898.8293,-47046.4887,0.1729,-141370.9537,-150421.5458,-69207.2156,1,1,0,0.9696,-0.0514,1608.944,-2531.6552,-0.2866,-3506.8629,-1202.6961,-1,-2304.1667,-1,1861.0339,84.8355,101.7421,94.13,-22102.05,6383.9248,6352.0465,6377.8754,10327972.2,490152.9215,6473.2333,740369589.2667,6419.6,740369589.2667,0.0,19.5735,10327972.2,0.0,1288467.0,2785151.5,31.6295,6345.8825,6309.2,6564.7,6308.7,6556.8,200235,256.0,0.9672,0.0309,0.002,1,1,0.0,0,0.0309,0.002,0.7492,0,0,0,0.0,0.3238,1.291,269937.4,232554.2,251006.4,0.7418,0.861,0.7977,-0.4454,4.1104,1312900848.0,-0.4195,-2550517.0,251006.4,-10.1612,-0.7412,965927.9256,-2.6405,-8.3941,-8.9297,-9.085,-8.3208,-8.1471,-8.4487,-5.65,-6.1012,-7.2453,-1.0,-1.0,-1.0,0,1,0,0,0,0,187876.7461,-570928.5296,-0.2521,-521259.0944,-423746.872,-512859.9322,-1,1,-1,0.9383,0.0467,9339.5695,-76339.0997,-0.5351,-78506.5037,-76582.9499,-1,-1923.5538,-1,1142.962,107.8873,63.0346,17.6991,18931.0,6538.0821,6400.4067,6402.0879,58508667.0,1776117.8819,6476.7333,1296868699.0,6292.7667,1296868699.0,0.0,49.6904,58508667.0,0.0,7796288.2643,11881095.9,39.6206,6411.0234,1896.1,3350.5857,2.3841,2.3458,2.3106,2.3978,1.6728,1.7846,2.0441,0.9019,1.0351,1.4126,0,0,0,0,0,0,6457.3075,0.0,40.3008,-17.5287,153,0.4863,-0.8738,0.5,-0.866,1,0.0027,0.0012,0.0012,0.0014,0.001,0.0012,0.0,0.0014,0.0,0.0,0.0,0.0,0.0,0.0,0.0027,0.0035,22.9,0.014,90.3,0.0456,292.2,17.8
6486.6,6511.1,6468.6,6509.4,27929,6418.2,6511.1,6399.2,6509.4,114374,6309.2,6564.7,6308.7,6556.8,200235,-0.2304,-0.2304,-0.9517,42.5,0.6071,111.9,0.8508,256.0,0.7254,0.0732,0.0179,0.0102,6509.4,6509.4,6556.8,0.9977,0.9977,0.9905,0,0,0,0,1,0,6422.0,6470.3043,1,21,31,0.0,0.0,0,0,0,0.0,0.0,0,0,0,0.0111,-0.0037,1.4988,0,1,0,1,0.0074,0.0,0.0,0.0,0,0,0,0,0.0,0.0,0.0,0.0,0,0,0,0,0.0,0,1,0,0,0,1,6486.6,6511.1,6468.6,6509.4,27929,15751.75,35896.6276,-1.3061,-5.5268,-5.4289,-5.3811,-6.4846,-5.6826,-5.8232,-4.9591,-4.6934,-5.7543,0,0,0,1,0,0,6483.1504,6418.2,6511.1,6399.2,6509.4,114374.0,111.9,0.815,0.0152,0.1698,1,1,0.0,0,0.0152,0.1698,0.6585,0,1,0,5.3023,0.4226,1.2376,33604.4,51662.1,55706.45,3.4035,2.2139,2.0532,5.4494,-0.0161,744506115.6,5.5401,-153269.0,55706.45,-2.7514,-0.5757,157164.8069,-0.9752,-3.4921,-2.9229,-4.0924,1.1931,-0.5319,-1.7436,2.8739,1.5408,2.2974,1.0,-1.0,-1.0,0,1,0,0,0,0,110898.8293,-47046.4887,0.1729,-141370.9537,-150421.5458,-69207.2156,1,1,0,0.9696,-0.0514,1608.944,-2531.6552,-0.2866,-3506.8629,-1202.6961,-1,-2304.1667,-1,1861.0339,84.8355,101.7421,94.13,-22102.05,6383.9248,6352.0465,6377.8754,10327972.2,490152.9215,6473.2333,740369589.2667,6419.6,740369589.2667,0.0,19.5735,10327972.2,0.0,1288467.0,2785151.5,31.6295,6345.8825,6309.2,6564.7,6308.7,6556.8,200235,256.0,0.9672,0.0309,0.002,1,1,0.0,0,0.0309,0.002,0.7492,0,0,0,0.0,0.3238,1.291,269937.4,232554.2,251006.4,0.7418,0.861,0.7977,-0.4454,4.1104,1312900848.0,-0.4195,-2550517.0,251006.4,-10.1612,-0.7412,965927.9256,-2.6405,-8.3941,-8.9297,-9.085,-8.3208,-8.1471,-8.4487,-5.65,-6.1012,-7.2453,-1.0,-1.0,-1.0,0,1,0,0,0,0,187876.7461,-570928.5296,-0.2521,-521259.0944,-423746.872,-512859.9322,-1,1,-1,0.9383,0.0467,9339.5695,-76339.0997,-0.5351,-78506.5037,-76582.9499,-1,-1923.5538,-1,1142.962,107.8873,63.0346,17.6991,18931.0,6538.0821,6400.4067,6402.0879,58508667.0,1776117.8819,6476.7333,1296868699.0,6292.7667,1296868699.0,0.0,49.6904,58508667.0,0.0,7796288.2643,11881095.9,39.6206,6411.0234,1848.25,3545.1147,2.8298,2.618,2.8774,2.9581,1.8687,2.1316,2.4017,1.0151,1.2073,1.6084,0,0,0,0,0,0,6460.4528,0.0,40.917,-15.6442,153,0.4863,-0.8738,0.5,-0.866,1,0.0002,0.0011,0.0012,0.0011,0.001,0.0011,0.0,0.0011,0.0,0.0,0.0,0.0,0.0,0.0,0.0002,0.0035,22.9,0.014,90.3,0.0456,292.2,1.0
6486.6,6511.1,6468.6,6509.4,27929,6418.2,6511.1,6399.2,6509.4,114374,6309.2,6564.7,6308.7,6556.8,200235,-0.1398,-0.1398,-0.8617,42.5,0.7459,111.9,0.9035,256.0,0.7484,0.1165,0.0284,0.0162,6509.4,6509.4,6556.8,0.9986,0.9986,0.9914,0,0,0,0,1,0,6422.0,6470.3043,1,21,32,0.0,6511.1,1,0,7,0.0,0.0,0,0,0,0.012,-0.0046,1.621,0,1,0,1,0.0074,0.0,0.0017,0.0,0,1,0,0,0.0,0.0,0.0,0.0,0,0,0,0,0.0,0,2,0,1,0,1,6486.6,6511.1,6468.6,6509.4,27929,15751.75,35896.6276,-1.3061,-5.5268,-5.4289,-5.3811,-6.4846,-5.6826,-5.8232,-4.9591,-4.6934,-5.7543,0,0,0,1,0,0,6485.9626,6418.2,6511.1,6399.2,6509.4,114374.0,111.9,0.815,0.0152,0.1698,1,1,0.0,0,0.0152,0.1698,0.6585,0,1,0,5.3023,0.4226,1.2376,33604.4,51662.1,55706.45,3.4035,2.2139,2.0532,5.4494,-0.0161,744506115.6,5.5401,-153269.0,55706.45,-2.7514,-0.5757,157164.8069,-0.9752,-3.4921,-2.9229,-4.0924,1.1931,-0.5319,-1.7436,2.8739,1.5408,2.2974,1.0,-1.0,-1.0,0,1,0,0,0,0,110898.8293,-47046.4887,0.1729,-141370.9537,-150421.5458,-69207.2156,1,1,0,0.9696,-0.0514,1608.944,-2531.6552,-0.2866,-3506.8629,-1202.6961,-1,-2304.1667,-1,1861.0339,84.8355,101.7421,94.13,-22102.05,6383.9248,6352.0465,6377.8754,10327972.2,490152.9215,6473.2333,740369589.2667,6419.6,740369589.2667,0.0,19.5735,10327972.2,0.0,1288467.0,2785151.5,31.6295,6345.8825,6309.2,6564.7,6308.7,6556.8,200235,256.0,0.9672,0.0309,0.002,1,1,0.0,0,0.0309,0.002,0.7492,0,0,0,0.0,0.3238,1.291,269937.4,232554.2,251006.4,0.7418,0.861,0.7977,-0.4454,4.1104,1312900848.0,-0.4195,-2550517.0,251006.4,-10.1612,-0.7412,965927.9256,-2.6405,-8.3941,-8.9297,-9.085,-8.3208,-8.1471,-8.4487,-5.65,-6.1012,-7.2453,-1.0,-1.0,-1.0,0,1,0,0,0,0,187876.7461,-570928.5296,-0.2521,-521259.0944,-423746.872,-512859.9322,-1,1,-1,0.9383,0.0467,9339.5695,-76339.0997,-0.5351,-78506.5037,-76582.9499,-1,-1923.5538,-1,1142.962,107.8873,63.0346,17.6991,18931.0,6538.0821,6400.4067,6402.0879,58508667.0,1776117.8819,6476.7333,1296868699.0,6292.7667,1296868699.0,0.0,49.6904,58508667.0,0.0,7796288.2643,11881095.9,39.6206,6411.0234,1891.2,3907.9134,3.3995,2.9956,3.6314,3.7593,2.1946,2.5976,2.8928,1.1616,1.4355,1.8663,0,0,0,0,0,0,6466.5134,0.0,41.7187,-5.9155,153,0.4863,-0.8738,0.5,-0.866,1,0.0009,0.001,0.0012,0.001,0.001,0.001,0.0,0.001,0.0,0.0,0.0,0.0,0.0,0.0,0.0009,0.0035,22.9,0.014,90.3,0.0456,292.2,5.9
6486.6,6511.1,6468.6,6509.4,27929,6418.2,6511.1,6399.2,6509.4,114374,6309.2,6564.7,6308.7,6556.8,200235,0.0108,0.0108,-0.7122,42.5,0.9765,111.9,0.9911,256.0,0.7867,0.3095,0.0756,0.0432,6509.4,6509.4,6556.8,1.0001,1.0001,0.9929,1,1,0,0,0,1,6422.0,6470.3043,1,21,33,0.0,6511.1,1,0,8,0.0,0.0,0,0,0,0.0135,-0.0061,1.8239,0,0,0,1,0.0074,0.0,0.0002,0.0,0,1,0,0,0.0,0.0,0.0,0.0,0,0,0,0,0.0,0,1,0,0,0,1,6486.6,6511.1,6468.6,6509.4,27929,15751.75,35896.6276,-1.3061,-5.5268,-5.4289,-5.3811,-6.4846,-5.6826,-5.8232,-4.9591,-4.6934,-5.7543,0,0,0,1,0,0,6493.2503,6418.2,6511.1,6399.2,6509.4,114374.0,111.9,0.815,0.0152,0.1698,1,1,0.0,0,0.0152,0.1698,0.6585,0,1,0,5.3023,0.4226,1.2376,33604.4,51662.1,55706.45,3.4035,2.2139,2.0532,5.4494,-0.0161,744506115.6,5.5401,-153269.0,55706.45,-2.7514,-0.5757,157164.8069,-0.9752,-3.4921,-2.9229,-4.0924,1.1931,-0.5319,-1.7436,2.8739,1.5408,2.2974,1.0,-1.0,-1.0,0,1,0,0,0,0,110898.8293,-47046.4887,0.1729,-141370.9537,-150421.5458,-69207.2156,1,1,0,0.9696,-0.0514,1608.944,-2531.6552,-0.2866,-3506.8629,-1202.6961,-1,-2304.1667,-1,1861.0339,84.8355,101.7421,94.13,-22102.05,6383.9248,6352.0465,6377.8754,10327972.2,490152.9215,6473.2333,740369589.2667,6419.6,740369589.2667,0.0,19.5735,10327972.2,0.0,1288467.0,2785151.5,31.6295,6345.8825,6309.2,6564.7,6308.7,6556.8,200235,256.0,0.9672,0.0309,0.002,1,1,0.0,0,0.0309,0.002,0.7492,0,0,0,0.0,0.3238,1.291,269937.4,232554.2,251006.4,0.7418,0.861,0.7977,-0.4454,4.1104,1312900848.0,-0.4195,-2550517.0,251006.4,-10.1612,-0.7412,965927.9256,-2.6405,-8.3941,-8.9297,-9.085,-8.3208,-8.1471,-8.4487,-5.65,-6.1012,-7.2453,-1.0,-1.0,-1.0,0,1,0,0,0,0,187876.7461,-570928.5296,-0.2521,-521259.0944,-423746.872,-512859.9322,-1,1,-1,0.9383,0.0467,9339.5695,-76339.0997,-0.5351,-78506.5037,-76582.9499,-1,-1923.5538,-1,1142.962,107.8873,63.0346,17.6991,18931.0,6538.0821,6400.4067,6402.0879,58508667.0,1776117.8819,6476.7333,1296868699.0,6292.7667,1296868699.0,0.0,49.6904,58508667.0,0.0,7796288.2643,11881095.9,39.6206,6411.0234,2228.6,4893.8552,4.4809,3.7269,4.7602,5.0037,2.7008,3.2873,3.6209,1.3683,1.765,2.2372,0,0,0,0,0,0,6472.1772,0.0,42.8409,-0.0,153,0.4863,-0.8738,0.5,-0.866,1,0.0015,0.001,0.0012,0.001,0.0011,0.001,0.0,0.001,0.0,0.0,0.0,0.0,0.0,0.0,0.0015,0.0035,22.9,0.014,90.3,0.0456,292.2,9.8
6486.6,6511.1,6468.6,6509.4,27929,6418.2,6511.1,6399.2,6509.4,114374,6309.2,6564.7,6308.7,6556.8,200235,0.0,0.0,-0.7229,42.5,0.96,111.9,0.9848,256.0,0.784,0.0784,0.0191,0.0109,6509.4,6509.4,6556.8,1.0,1.0,0.9928,0,0,0,0,1,0,6422.0,6470.3043,1,21,33,6399.2,6511.1,1,0,9,0.0,0.0,0,0,0,0.0134,-0.006,1.8094,0,0,0,1,0.0074,0.0169,0.0003,0.9848,0,1,0,0,0.0172,0.0,0.0,0.0,0,0,0,0,0.0,0,1,0,0,0,1,6486.6,6511.1,6468.6,6509.4,27929,15751.75,35896.6276,-1.3061,-5.5268,-5.4289,-5.3811,-6.4846,-5.6826,-5.8232,-4.9591,-4.6934,-5.7543,0,0,0,1,0,0,6495.3489,6418.2,6511.1,6399.2,6509.4,114374.0,111.9,0.815,0.0152,0.1698,1,1,0.0,0,0.0152,0.1698,0.6585,0,1,0,5.3023,0.4226,1.2376,33604.4,51662.1,55706.45,3.4035,2.2139,2.0532,5.4494,-0.0161,744506115.6,5.5401,-153269.0,55706.45,-2.7514,-0.5757,157164.8069,-0.9752,-3.4921,-2.9229,-4.0924,1.1931,-0.5319,-1.7436,2.8739,1.5408,2.2974,1.0,-1.0,-1.0,0,1,0,0,0,0,110898.8293,-47046.4887,0.1729,-141370.9537,-150421.5458,-69207.2156,1,1,0,0.9696,-0.0514,1608.944,-2531.6552,-0.2866,-3506.8629,-1202.6961,-1,-2304.1667,-1,1861.0339,84.8355,101.7421,94.13,-22102.05,6383.9248,6352.0465,6377.8754,10327972.2,490152.9215,6473.2333,740369589.2667,6419.6,740369589.2667,0.0,19.5735,10327972.2,0.0,1288467.0,2785151.5,31.6295,6345.8825,6309.2,6564.7,6308.7,6556.8,200235,256.0,0.9672,0.0309,0.002,1,1,0.0,0,0.0309,0.002,0.7492,0,0,0,0.0,0.3238,1.291,269937.4,232554.2,251006.4,0.7418,0.861,0.7977,-0.4454,4.1104,1312900848.0,-0.4195,-2550517.0,251006.4,-10.1612,-0.7412,965927.9256,-2.6405,-8.3941,-8.9297,-9.085,-8.3208,-8.1471,-8.4487,-5.65,-6.1012,-7.2453,-1.0,-1.0,-1.0,0,1,0,0,0,0,187876.7461,-570928.5296,-0.2521,-521259.0944,-423746.872,-512859.9322,-1,1,-1,0.9383,0.0467,9339.5695,-76339.0997,-0.5351,-78506.5037,-76582.9499,-1,-1923.5538,-1,1142.962,107.8873,63.0346,17.6991,18931.0,6538.0821,6400.4067,6402.0879,58508667.0,1776117.8819,6476.7333,1296868699.0,6292.7667,1296868699.0,0.0,49.6904,58508667.0,0.0,7796288.2643,11881095.9,39.6206,6411.0234,2148.65,5475.0851,3.6052,4.4622,5.565,5.9964,3.098,3.8492,4.2386,1.5501,2.0561,2.5531,0,0,0,0,0,0,6476.2937,0.0,43.9291,-4.0,153,0.4863,-0.8738,0.5,-0.866,1,-0.0001,0.001,0.0012,0.0011,0.0011,0.001,0.0,0.0011,0.0,0.0,0.0,0.0,0.0,0.0,-0.0001,0.0035,22.9,0.014,90.3,0.0456,292.2,-0.7
6509.0,6512.0,6494.2,6502.1,13086,6509.0,6564.7,6494.2,6556.8,44669,6309.2,6564.7,6308.7,6556.8,200235,0.1184,-0.7168,-0.7168,17.8,0.8764,70.5,0.2213,256.0,0.7855,0.0737,0.0216,0.0048,6502.1,6556.8,6556.8,1.0012,0.9928,0.9928,1,0,0,0,0,1,6422.0,6470.3043,1,21,33,6399.2,6511.1,1,0,10,0.0,0.0,0,0,0,0.0135,-0.0061,1.8176,0,0,0,1,0.0074,0.017,0.0002,0.9884,0,1,0,0,0.0172,0.0,0.0,0.0,0,0,0,0,0.0,0,1,0,0,0,1,6509.0,6512.0,6494.2,6502.1,13086,14867.65,35710.4153,-1.6794,-5.3883,-5.1753,-5.1097,-6.3207,-5.5255,-5.5898,-4.9398,-4.6675,-5.684,0,0,0,0,0,0,6496.6027,6509.0,6564.7,6494.2,6556.8,44669.0,70.5,0.678,0.1121,0.2099,1,0,0.0,0,0.1121,0.2099,0.4541,0,0,0,0.0,0.815,1.493,40047.0,55204.9,55162.9,1.1154,0.8091,0.8098,-0.6094,2.5861,292885699.2,-0.6066,-108600.0,55162.9,-1.9687,-0.4179,157342.2462,-0.6902,-3.5209,-2.7494,-3.8154,0.6514,-0.6688,-2.0447,2.777,1.4032,2.1301,1.0,-1.0,-1.0,0,1,0,1,0,1,34658.0752,-12388.4135,0.43,-109039.0195,-150187.8794,-70973.273,1,1,0,0.7759,-0.0573,325.2697,-2206.3855,-0.162,-3462.5014,-1299.486,-1,-2163.0154,-1,2188.0928,80.2127,126.3716,145.0715,-15115.9,6387.9601,6369.328,6383.1602,2117310.6,722604.0185,6538.5667,292071234.4333,6473.2333,292071234.4333,0.0,29.0658,2117310.6,0.0,1439703.4714,2112248.3714,40.5327,6362.0145,6309.2,6564.7,6308.7,6556.8,200235,256.0,0.9672,0.0309,0.002,1,1,0.0,0,0.0309,0.002,0.7492,0,0,0,0.0,0.3238,1.291,269937.4,232554.2,251006.4,0.7418,0.861,0.7977,-0.4454,4.1104,1312900848.0,-0.4195,-2550517.0,251006.4,-10.1612,-0.7412,965927.9256,-2.6405,-8.3941,-8.9297,-9.085,-8.3208,-8.1471,-8.4487,-5.65,-6.1012,-7.2453,-1.0,-1.0,-1.0,0,1,0,0,0,0,187876.7461,-570928.5296,-0.2521,-521259.0944,-423746.872,-512859.9322,-1,1,-1,0.9383,0.0467,9339.5695,-76339.0997,-0.5351,-78506.5037,-76582.9499,-1,-1923.5538,-1,1142.962,107.8873,63.0346,17.6991,18931.0,6538.0821,6400.4067,6402.0879,58508667.0,1776117.8819,6476.7333,1296868699.0,6292.7667,1296868699.0,0.0,49.6904,58508667.0,0.0,7796288.2643,11881095.9,39.6206,6411.0234,2112.9,6014.3869,3.4424,5.2891,6.3348,6.9667,3.4919,4.4158,4.8768,1.7376,2.3597,2.8751,0,0,0,0,0,0,6479.4079,0.0,44.9832,-5.0691,153,0.4863,-0.8738,0.2588,-0.9659,1,0.0001,0.001,0.0012,0.0011,0.0011,0.001,0.0,0.0011,0.0,0.0,0.0,0.0,0.0,0.0,0.0001,-0.0011,-7.3,0.0073,47.4,0.0456,292.2,0.4
6509.0,6512.0,6494.2,6502.1,13086,6509.0,6564.7,6494.2,6556.8,44669,6309.2,6564.7,6308.7,6556.8,200235,0.0154,-0.819,-0.819,17.8,0.5,70.5,0.1262,256.0,0.7594,0.0924,0.0271,0.006,6502.1,6556.8,6556.8,1.0002,0.9918,0.9918,1,0,0,0,0,1,6422.0,6470.3043,1,21,33,6399.2,6511.1,1,0,11,0.0,0.0,0,0,0,0.0125,-0.005,1.6789,0,0,0,1,0.0074,0.016,0.0012,0.9285,0,1,0,0,0.0172,0.0,0.0,0.0,0,0,0,0,0.0,0,1,0,0,0,1,6509.0,6512.0,6494.2,6502.1,13086,14867.65,35710.4153,-1.6794,-5.3883,-5.1753,-5.1097,-6.3207,-5.5255,-5.5898,-4.9398,-4.6675,-5.684,0,0,0,0,0,0,6498.0571,6509.0,6564.7,6494.2,6556.8,44669.0,70.5,0.678,0.1121,0.2099,1,0,0.0,0,0.1121,0.2099,0.4541,0,0,0,0.0,0.815,1.493,40047.0,55204.9,55162.9,1.1154,0.8091,0.8098,-0.6094,2.5861,292885699.2,-0.6066,-108600.0,55162.9,-1.9687,-0.4179,157342.2462,-0.6902,-3.5209,-2.7494,-3.8154,0.6514,-0.6688,-2.0447,2.777,1.4032,2.1301,1.0,-1.0,-1.0,0,1,0,1,0,1,34658.0752,-12388.4135,0.43,-109039.0195,-150187.8794,-70973.273,1,1,0,0.7759,-0.0573,325.2697,-2206.3855,-0.162,-3462.5014,-1299.486,-1,-2163.0154,-1,2188.0928,80.2127,126.3716,145.0715,-15115.9,6387.9601,6369.328,6383.1602,2117310.6,722604.0185,6538.5667,292071234.4333,6473.2333,292071234.4333,0.0,29.0658,2117310.6,0.0,1439703.4714,2112248.3714,40.5327,6362.0145,6309.2,6564.7,6308.7,6556.8,200235,256.0,0.9672,0.0309,0.002,1,1,0.0,0,0.0309,0.002,0.7492,0,0,0,0.0,0.3238,1.291,269937.4,232554.2,251006.4,0.7418,0.861,0.7977,-0.4454,4.1104,1312900848.0,-0.4195,-2550517.0,251006.4,-10.1612,-0.7412,965927.9256,-2.6405,-8.3941,-8.9297,-9.085,-8.3208,-8.1471,-8.4487,-5.65,-6.1012,-7.2453,-1.0,-1.0,-1.0,0,1,0,0,0,0,187876.7461,-570928.5296,-0.2521,-521259.0944,-423746.872,-512859.9322,-1,1,-1,0.9383,0.0467,9339.5695,-76339.0997,-0.5351,-78506.5037,-76582.9499,-1,-1923.5538,-1,1142.962,107.8873,63.0346,17.6991,18931.0,6538.0821,6400.4067,6402.0879,58508667.0,1776117.8819,6476.7333,1296868699.0,6292.7667,1296868699.0,0.0,49.6904,58508667.0,0.0,7796288.2643,11881095.9,39.6206,6411.0234,1917.3,6395.7816,3.0481,6.1959,7.0318,7.8538,4.0065,4.9636,5.5126,1.9249,2.6659,3.1922,0,0,0,0,0,0,6479.4079,0.0,45.2593,-20.5069,153,0.4863,-0.8738,0.2588,-0.9659,1,-0.001,0.001,0.0012,0.0009,0.0011,0.001,0.0,0.0009,0.0,0.0,0.0,0.0,0.0,0.0,-0.001,-0.0011,-7.3,0.0073,47.4,0.0456,292.2,-6.7
6509.0,6512.0,6494.2,6502.1,13086,6509.0,6564.7,6494.2,6556.8,44669,6309.2,6564.7,6308.7,6556.8,200235,-0.0323,-0.8663,-0.8663,17.8,0.3258,70.5,0.0823,256.0,0.7473,0.0799,0.0234,0.0052,6502.1,6556.8,6556.8,0.9997,0.9913,0.9913,0,0,0,0,1,0,6422.0,6470.3043,1,21,33,6399.2,6511.1,1,0,12,0.0,0.0,0,0,0,0.012,-0.0046,1.6148,0,1,0,1,0.0074,0.0155,0.0017,0.9008,0,1,0,0,0.0172,0.0,0.0,0.0,0,0,0,0,0.0,0,2,0,1,0,1,6509.0,6512.0,6494.2,6502.1,13086,14867.65,35710.4153,-1.6794,-5.3883,-5.1753,-5.1097,-6.3207,-5.5255,-5.5898,-4.9398,-4.6675,-5.684,0,0,0,0,0,0,6499.3296,6509.0,6564.7,6494.2,6556.8,44669.0,70.5,0.678,0.1121,0.2099,1,0,0.0,0,0.1121,0.2099,0.4541,0,0,0,0.0,0.815,1.493,40047.0,55204.9,55162.9,1.1154,0.8091,0.8098,-0.6094,2.5861,292885699.2,-0.6066,-108600.0,55162.9,-1.9687,-0.4179,157342.2462,-0.6902,-3.5209,-2.7494,-3.8154,0.6514,-0.6688,-2.0447,2.777,1.4032,2.1301,1.0,-1.0,-1.0,0,1,0,1,0,1,34658.0752,-12388.4135,0.43,-109039.0195,-150187.8794,-70973.273,1,1,0,0.7759,-0.0573,325.2697,-2206.3855,-0.162,-3462.5014,-1299.486,-1,-2163.0154,-1,2188.0928,80.2127,126.3716,145.0715,-15115.9,6387.9601,6369.328,6383.1602,2117310.6,722604.0185,6538.5667,292071234.4333,6473.2333,292071234.4333,0.0,29.0658,2117310.6,0.0,1439703.4714,2112248.3714,40.5327,6362.0145,6309.2,6564.7,6308.7,6556.8,200235,256.0,0.9672,0.0309,0.002,1,1,0.0,0,0.0309,0.002,0.7492,0,0,0,0.0,0.3238,1.291,269937.4,232554.2,251006.4,0.7418,0.861,0.7977,-0.4454,4.1104,1312900848.0,-0.4195,-2550517.0,251006.4,-10.1612,-0.7412,965927.9256,-2.6405,-8.3941,-8.9297,-9.085,-8.3208,-8.1471,-8.4487,-5.65,-6.1012,-7.2453,-1.0,-1.0,-1.0,0,1,0,0,0,0,187876.7461,-570928.5296,-0.2521,-521259.0944,-423746.872,-512859.9322,-1,1,-1,0.9383,0.0467,9339.5695,-76339.0997,-0.5351,-78506.5037,-76582.9499,-1,-1923.5538,-1,1142.962,107.8873,63.0346,17.6991,18931.0,6538.0821,6400.4067,6402.0879,58508667.0,1776117.8819,6476.7333,1296868699.0,6292.7667,1296868699.0,0.0,49.6904,58508667.0,0.0,7796288.2643,11881095.9,39.6206,6411.0234,1903.15,6671.8812,2.7653,6.9975,7.5159,8.4899,4.4723,5.4142,6.0543,2.0938,2.9416,3.4689,0,0,0,0,0,0,6479.4079,0.0,44.8012,-27.6498,153,0.4863,-0.8738,0.2588,-0.9659,1,-0.0005,0.001,0.0012,0.0009,0.001,0.001,0.0,0.0009,0.0,0.0,0.0,0.0,0.0,0.0,-0.0005,-0.0011,-7.3,0.0073,47.4,0.0456,292.2,-3.1
6509.0,6512.0,6494.2,6502.1,13086,6509.0,6564.7,6494.2,6556.8,44669,6309.2,6564.7,6308.7,6556.8,200235,-0.0769,-0.9105,-0.9105,17.8,0.1629,70.5,0.0411,256.0,0.7359,0.0844,0.0247,0.0055,6502.1,6556.8,6556.8,0.9992,0.9909,0.9909,0,0,0,0,1,0,6422.0,6511.3571,3,21,13,6399.2,6564.7,2,0,0,6308.7,6564.7,0,0,0,0.0116,0.0022,0.8404,0,1,0,0,0.0138,0.0151,0.0104,0.5915,0,0,0,0,0.0255,0.029,0.0104,0.7359,0,0,0,0,0.0394,0,1,0,0,1,0,6509.0,6512.0,6494.2,6502.1,13086,14867.65,35710.4153,-1.6794,-5.3883,-5.1753,-5.1097,-6.3207,-5.5255,-5.5898,-4.9398,-4.6675,-5.684,0,0,0,0,0,0,6499.7406,6509.0,6564.7,6494.2,6556.8,44669.0,70.5,0.678,0.1121,0.2099,1,0,0.0,0,0.1121,0.2099,0.4541,0,0,0,0.0,0.815,1.493,40047.0,55204.9,55162.9,1.1154,0.8091,0.8098,-0.6094,2.5861,292885699.2,-0.6066,-108600.0,55162.9,-1.9687,-0.4179,157342.2462,-0.6902,-3.5209,-2.7494,-3.8154,0.6514,-0.6688,-2.0447,2.777,1.4032,2.1301,1.0,-1.0,-1.0,0,1,0,1,0,1,34658.0752,-12388.4135,0.43,-109039.0195,-150187.8794,-70973.273,1,1,0,0.7759,-0.0573,325.2697,-2206.3855,-0.162,-3462.5014,-1299.486,-1,-2163.0154,-1,2188.0928,80.2127,126.3716,145.0715,-15115.9,6387.9601,6369.328,6383.1602,2117310.6,722604.0185,6538.5667,292071234.4333,6473.2333,292071234.4333,0.0,29.0658,2117310.6,0.0,1439703.4714,2112248.3714,40.5327,6362.0145,6309.2,6564.7,6308.7,6556.8,200235,256.0,0.9672,0.0309,0.002,1,1,0.0,0,0.0309,0.002,0.7492,0,0,0,0.0,0.3238,1.291,269937.4,232554.2,251006.4,0.7418,0.861,0.7977,-0.4454,4.1104,1312900848.0,-0.4195,-2550517.0,251006.4,-10.1612,-0.7412,965927.9256,-2.6405,-8.3941,-8.9297,-9.085,-8.3208,-8.1471,-8.4487,-5.65,-6.1012,-7.2453,-1.0,-1.0,-1.0,0,1,0,0,0,0,187876.7461,-570928.5296,-0.2521,-521259.0944,-423746.872,-512859.9322,-1,1,-1,0.9383,0.0467,9339.5695,-76339.0997,-0.5351,-78506.5037,-76582.9499,-1,-1923.5538,-1,1142.962,107.8873,63.0346,17.6991,18931.0,6538.0821,6400.4067,6402.0879,58508667.0,1776117.8819,6476.7333,1296868699.0,6292.7667,1296868699.0,0.0,49.6904,58508667.0,0.0,7796288.2643,11881095.9,39.6206,6411.0234,1869.45,6865.857,2.5263,7.7288,7.8363,8.9046,4.8843,5.7822,6.512,2.2467,3.1901,3.7109,0,0,0,0,0,0,6479.4079,0.0,43.7526,-34.3318,153,0.4863,-0.8738,0.2588,-0.9659,1,-0.0004,0.0009,0.0012,0.0009,0.001,0.0009,0.0,0.0009,0.0,0.0,0.0,0.0,0.0,0.0,-0.0004,-0.0011,-7.3,0.0073,47.4,0.0456,292.2,-2.9
6509.0,6512.0,6494.2,6502.1,13086,6509.0,6564.7,6494.2,6556.8,44669,6309.2,6564.7,6308.7,6556.8,200235,-0.06,-0.8937,-0.8937,17.8,0.2247,70.5,0.0567,256.0,0.7402,0.0704,0.0206,0.0046,6502.1,6556.8,6556.8,0.9994,0.9911,0.9911,0,0,0,0,1,0,6422.0,6511.3571,3,21,14,6399.2,6564.7,2,0,0,6308.7,6564.7,0,0,0,0.0117,0.002,0.8528,0,1,0,0,0.0138,0.0152,0.0102,0.5982,0,0,0,0,0.0255,0.0292,0.0102,0.7402,0,0,0,0,0.0394,0,1,0,0,1,0,6509.0,6512.0,6494.2,6502.1,13086,14867.65,35710.4153,-1.6794,-5.3883,-5.1753,-5.1097,-6.3207,-5.5255,-5.5898,-4.9398,-4.6675,-5.684,0,0,0,0,0,0,6501.0188,6509.0,6564.7,6494.2,6556.8,44669.0,70.5,0.678,0.1121,0.2099,1,0,0.0,0,0.1121,0.2099,0.4541,0,0,0,0.0,0.815,1.493,40047.0,55204.9,55162.9,1.1154,0.8091,0.8098,-0.6094,2.5861,292885699.2,-0.6066,-108600.0,55162.9,-1.9687,-0.4179,157342.2462,-0.6902,-3.5209,-2.7494,-3.8154,0.6514,-0.6688,-2.0447,2.777,1.4032,2.1301,1.0,-1.0,-1.0,0,1,0,1,0,1,34658.0752,-12388.4135,0.43,-109039.0195,-150187.8794,-70973.273,1,1,0,0.7759,-0.0573,325.2697,-2206.3855,-0.162,-3462.5014,-1299.486,-1,-2163.0154,-1,2188.0928,80.2127,126.3716,145.0715,-15115.9,6387.9601,6369.328,6383.1602,2117310.6,722604.0185,6538.5667,292071234.4333,6473.2333,292071234.4333,0.0,29.0658,2117310.6,0.0,1439703.4714,2112248.3714,40.5327,6362.0145,6309.2,6564.7,6308.7,6556.8,200235,256.0,0.9672,0.0309,0.002,1,1,0.0,0,0.0309,0.002,0.7492,0,0,0,0.0,0.3238,1.291,269937.4,232554.2,251006.4,0.7418,0.861,0.7977,-0.4454,4.1104,1312900848.0,-0.4195,-2550517.0,251006.4,-10.1612,-0.7412,965927.9256,-2.6405,-8.3941,-8.9297,-9.085,-8.3208,-8.1471,-8.4487,-5.65,-6.1012,-7.2453,-1.0,-1.0,-1.0,0,1,0,0,0,0,187876.7461,-570928.5296,-0.2521,-521259.0944,-423746.872,-512859.9322,-1,1,-1,0.9383,0.0467,9339.5695,-76339.0997,-0.5351,-78506.5037,-76582.9499,-1,-1923.5538,-1,1142.962,107.8873,63.0346,17.6991,18931.0,6538.0821,6400.4067,6402.0879,58508667.0,1776117.8819,6476.7333,1296868699.0,6292.7667,1296868699.0,0.0,49.6904,58508667.0,0.0,7796288.2643,11881095.9,39.6206,6411.0234,1826.55,7072.0211,2.5829,8.4632,8.2297,9.3176,5.2969,6.1839,6.9992,2.4082,3.4571,3.9677,0,0,0,0,0,0,6479.4079,0.0,42.7788,-31.7972,153,0.4863,-0.8738,0.2588,-0.9659,1,0.0002,0.0009,0.0012,0.0004,0.001,0.0009,0.0,0.0004,0.0,0.0,0.0,0.0,0.0,0.0,0.0002,-0.0011,-7.3,0.0073,47.4,0.0456,292.2,1.1
6509.0,6512.0,6494.2,6502.1,13086,6509.0,6564.7,6494.2,6556.8,44669,6309.2,6564.7,6308.7,6556.8,200235,-0.06,-0.8937,-0.8937,17.8,0.2247,70.5,0.0567,256.0,0.7402,0.0398,0.0117,0.0026,6502.1,6556.8,6556.8,0.9994,0.9911,0.9911,0,0,0,0,1,0,6422.0,6511.3571,3,21,15,6399.2,6564.7,2,0,0,6308.7,6564.7,0,0,0,0.0117,0.002,0.8528,0,1,0,0,0.0138,0.0152,0.0102,0.5982,0,0,0,0,0.0255,0.0292,0.0102,0.7402,0,0,0,0,0.0394,0,1,0,0,1,0,6509.0,6512.0,6494.2,6502.1,13086,14867.65,35710.4153,-1.6794,-5.3883,-5.1753,-5.1097,-6.3207,-5.5255,-5.5898,-4.9398,-4.6675,-5.684,0,0,0,0,0,0,6502.6064,6509.0,6564.7,6494.2,6556.8,44669.0,70.5,0.678,0.1121,0.2099,1,0,0.0,0,0.1121,0.2099,0.4541,0,0,0,0.0,0.815,1.493,40047.0,55204.9,55162.9,1.1154,0.8091,0.8098,-0.6094,2.5861,292885699.2,-0.6066,-108600.0,55162.9,-1.9687,-0.4179,157342.2462,-0.6902,-3.5209,-2.7494,-3.8154,0.6514,-0.6688,-2.0447,2.777,1.4032,2.1301,1.0,-1.0,-1.0,0,1,0,1,0,1,34658.0752,-12388.4135,0.43,-109039.0195,-150187.8794,-70973.273,1,1,0,0.7759,-0.0573,325.2697,-2206.3855,-0.162,-3462.5014,-1299.486,-1,-2163.0154,-1,2188.0928,80.2127,126.3716,145.0715,-15115.9,6387.9601,6369.328,6383.1602,2117310.6,722604.0185,6538.5667,292071234.4333,6473.2333,292071234.4333,0.0,29.0658,2117310.6,0.0,1439703.4714,2112248.3714,40.5327,6362.0145,6309.2,6564.7,6308.7,6556.8,200235,256.0,0.9672,0.0309,0.002,1,1,0.0,0,0.0309,0.002,0.7492,0,0,0,0.0,0.3238,1.291,269937.4,232554.2,251006.4,0.7418,0.861,0.7977,-0.4454,4.1104,1312900848.0,-0.4195,-2550517.0,251006.4,-10.1612,-0.7412,965927.9256,-2.6405,-8.3941,-8.9297,-9.085,-8.3208,-8.1471,-8.4487,-5.65,-6.1012,-7.2453,-1.0,-1.0,-1.0,0,1,0,0,0,0,187876.7461,-570928.5296,-0.2521,-521259.0944,-423746.872,-512859.9322,-1,1,-1,0.9383,0.0467,9339.5695,-76339.0997,-0.5351,-78506.5037,-76582.9499,-1,-1923.5538,-1,1142.962,107.8873,63.0346,17.6991,18931.0,6538.0821,6400.4067,6402.0879,58508667.0,1776117.8819,6476.7333,1296868699.0,6292.7667,1296868699.0,0.0,49.6904,58508667.0,0.0,7796288.2643,11881095.9,39.6206,6411.0234,1819.45,7253.4348,2.5183,9.0458,8.5588,9.6041,5.6958,6.5511,7.4509,2.5639,3.7152,4.2105,0,0,0,0,0,0,6479.4079,0.0,41.8841,-31.7972,153,0.4863,-0.8738,0.2588,-0.9659,1,0.0,0.0009,0.0012,0.0005,0.001,0.0009,0.0,0.0005,0.0,0.0,0.0,0.0,0.0,0.0,0.0,-0.0011,-7.3,0.0073,47.4,0.0456,292.2,0.0
