,FromDate,Open,High,Low,Close,Volume,prev_date,time_diff,Open_1h,High_1h,Low_1h,Close_1h,Volume_1h,Open_4h,High_4h,Low_4h,Close_4h,Volume_4h,Open_1d,High_1d,Low_1d,Close_1d,Volume_1d,1h_price_change_pct,4h_price_change_pct,1d_price_change_pct,1h_range,1h_position,4h_range,4h_position,1d_range,1d_position,1h_volume_ratio,4h_volume_ratio,1d_volume_ratio,1h_SMA,4h_SMA,1d_SMA,close_over_1h_SMA,close_over_4h_SMA,close_over_1d_SMA,1h_trend,4h_trend,1d_trend,bullish_alignment,bearish_alignment,mixed_trend_signals,1h_support,1h_resistance,1h_sup_res_count,1h_support_strength,1h_resistance_strength,4h_support,4h_resistance,4h_sup_res_count,4h_support_strength,4h_resistance_strength,1d_support,1d_resistance,1d_sup_res_count,1d_support_strength,1d_resistance_strength,1h_dist_to_support,1h_dist_to_resistance,1h_sup_res_position,1h_at_support,1h_at_resistance,1h_breaking_support,1h_breaking_resistance,1h_sr_range_width,4h_dist_to_support,4h_dist_to_resistance,4h_sup_res_position,4h_at_support,4h_at_resistance,4h_breaking_support,4h_breaking_resistance,4h_sr_range_width,1d_dist_to_support,1d_dist_to_resistance,1d_sup_res_position,1d_at_support,1d_at_resistance,1d_breaking_support,1d_breaking_resistance,1d_sr_range_width,multi_timeframe_support,multi_timeframe_resistance,strong_support_zone,strong_resistance_zone,in_sr_range,breaking_sr_range,InstrumentID,Open_1h_1,High_1h_1,Low_1h_1,Close_1h_1,Volume_1h_1,TimeFrame,candle_range,corps_candle,meche_haute,meche_basse,candle_trend,doji_type,doji,doji_strength,perfect_doji,upper_wick,lower_wick,ratio_corps,doji_invalid,pattern_type,bullish_engulfing,bearish_engulfing,engulfing_strength,corps_candle_prev,corps_sum,Volume_SMA_5,Volume_SMA_10,Volume_SMA_20,Volume_Ratio_SMA5,Volume_Ratio_SMA10,Volume_Ratio_SMA20,Volume_Change_1,Volume_Change_5,PV_Ratio,PV_Change,OBV,Volume_SMA,OBV_normalized,OBV_norm_minmax,OBV_std,OBV_norm_std,OBV_SMA_10,OBV_EMA_10,OBV_WMA_10,OBV_SMA_20,OBV_EMA_20,OBV_WMA_20,OBV_SMA_50,OBV_EMA_50,OBV_WMA_50,OBV_Trend_short,OBV_Trend_medium,OBV_Trend_long,OBV_Bullish_Div_10,OBV_Bearish_Div_10,OBV_Bullish_Div_20,OBV_Bearish_Div_20,OBV_Bullish_Div_50,OBV_Bearish_Div_50,MFV,ADL,ADL_norm,ADL_SMA5,ADL_SMA15,ADL_SMA30,ADL_Trend,Price_Trend,ADL_Divergence,MFM,CMF_20,PVT_change,PVT,PVT_norm,PVT_SMA10,PVT_SMA30,PVT_signal,PVT_cross,PVT_cross_signal,PVT_delta5,CCI_5,CCI_10,CCI_15,Volume_Oscillator,VWAP,VWMA_10,VWMA_20,Force_Index_1,Force_Index_13,Typical_Price,Raw_Money_Flow,Typical_Price_Prev,Money_Flow_Positive,Money_Flow_Negative,MFI_14,Vol_Weighted_Up,Vol_Weighted_Down,Vol_Weighted_Up_Avg,Vol_Weighted_Down_Avg,Vol_Weighted_RSI,VWAP_10,InstrumentID_4h,Open_4h_1,High_4h_1,Low_4h_1,Close_4h_1,Volume_4h_1,TimeFrame_4h,candle_range_4h,corps_candle_4h,meche_haute_4h,meche_basse_4h,candle_trend_4h,doji_type_4h,doji_4h,doji_strength_4h,perfect_doji_4h,upper_wick_4h,lower_wick_4h,ratio_corps_4h,doji_invalid_4h,pattern_type_4h,bullish_engulfing_4h,bearish_engulfing_4h,engulfing_strength_4h,corps_candle_prev_4h,corps_sum_4h,Volume_SMA_5_4h,Volume_SMA_10_4h,Volume_SMA_20_4h,Volume_Ratio_SMA5_4h,Volume_Ratio_SMA10_4h,Volume_Ratio_SMA20_4h,Volume_Change_1_4h,Volume_Change_5_4h,PV_Ratio_4h,PV_Change_4h,OBV_4h,Volume_SMA_4h,OBV_normalized_4h,OBV_norm_minmax_4h,OBV_std_4h,OBV_norm_std_4h,OBV_SMA_10_4h,OBV_EMA_10_4h,OBV_WMA_10_4h,OBV_SMA_20_4h,OBV_EMA_20_4h,OBV_WMA_20_4h,OBV_SMA_50_4h,OBV_EMA_50_4h,OBV_WMA_50_4h,OBV_Trend_short_4h,OBV_Trend_medium_4h,OBV_Trend_long_4h,OBV_Bullish_Div_10_4h,OBV_Bearish_Div_10_4h,OBV_Bullish_Div_20_4h,OBV_Bearish_Div_20_4h,OBV_Bullish_Div_50_4h,OBV_Bearish_Div_50_4h,MFV_4h,ADL_4h,ADL_norm_4h,ADL_SMA5_4h,ADL_SMA15_4h,ADL_SMA30_4h,ADL_Trend_4h,Price_Trend_4h,ADL_Divergence_4h,MFM_4h,CMF_20_4h,PVT_change_4h,PVT_4h,PVT_norm_4h,PVT_SMA10_4h,PVT_SMA30_4h,PVT_signal_4h,PVT_cross_4h,PVT_cross_signal_4h,PVT_delta5_4h,CCI_5_4h,CCI_10_4h,CCI_15_4h,Volume_Oscillator_4h,VWAP_4h,VWMA_10_4h,VWMA_20_4h,Force_Index_1_4h,Force_Index_13_4h,Typical_Price_4h,Raw_Money_Flow_4h,Typical_Price_Prev_4h,Money_Flow_Positive_4h,Money_Flow_Negative_4h,MFI_14_4h,Vol_Weighted_Up_4h,Vol_Weighted_Down_4h,Vol_Weighted_Up_Avg_4h,Vol_Weighted_Down_Avg_4h,Vol_Weighted_RSI_4h,VWAP_10_4h,InstrumentID_1d,Open_1d_1,High_1d_1,Low_1d_1,Close_1d_1,Volume_1d_1,TimeFrame_1d,candle_range_1d,corps_candle_1d,meche_haute_1d,meche_basse_1d,candle_trend_1d,doji_type_1d,doji_1d,doji_strength_1d,perfect_doji_1d,upper_wick_1d,lower_wick_1d,ratio_corps_1d,doji_invalid_1d,pattern_type_1d,bullish_engulfing_1d,bearish_engulfing_1d,engulfing_strength_1d,corps_candle_prev_1d,corps_sum_1d,Volume_SMA_5_1d,Volume_SMA_10_1d,Volume_SMA_20_1d,Volume_Ratio_SMA5_1d,Volume_Ratio_SMA10_1d,Volume_Ratio_SMA20_1d,Volume_Change_1_1d,Volume_Change_5_1d,PV_Ratio_1d,PV_Change_1d,OBV_1d,Volume_SMA_1d,OBV_normalized_1d,OBV_norm_minmax_1d,OBV_std_1d,OBV_norm_std_1d,OBV_SMA_10_1d,OBV_EMA_10_1d,OBV_WMA_10_1d,OBV_SMA_20_1d,OBV_EMA_20_1d,OBV_WMA_20_1d,OBV_SMA_50_1d,OBV_EMA_50_1d,OBV_WMA_50_1d,OBV_Trend_short_1d,OBV_Trend_medium_1d,OBV_Trend_long_1d,OBV_Bullish_Div_10_1d,OBV_Bearish_Div_10_1d,OBV_Bullish_Div_20_1d,OBV_Bearish_Div_20_1d,OBV_Bullish_Div_50_1d,OBV_Bearish_Div_50_1d,MFV_1d,ADL_1d,ADL_norm_1d,ADL_SMA5_1d,ADL_SMA15_1d,ADL_SMA30_1d,ADL_Trend_1d,Price_Trend_1d,ADL_Divergence_1d,MFM_1d,CMF_20_1d,PVT_change_1d,PVT_1d,PVT_norm_1d,PVT_SMA10_1d,PVT_SMA30_1d,PVT_signal_1d,PVT_cross_1d,PVT_cross_signal_1d,PVT_delta5_1d,CCI_5_1d,CCI_10_1d,CCI_15_1d,Volume_Oscillator_1d,VWAP_1d,VWMA_10_1d,VWMA_20_1d,Force_Index_1_1d,Force_Index_13_1d,Typical_Price_1d,Raw_Money_Flow_1d,Typical_Price_Prev_1d,Money_Flow_Positive_1d,Money_Flow_Negative_1d,MFI_14_1d,Vol_Weighted_Up_1d,Vol_Weighted_Down_1d,Vol_Weighted_Up_Avg_1d,Vol_Weighted_Down_Avg_1d,Vol_Weighted_RSI_1d,VWAP_10_1d,Volume_SMA_1,OBV_normalized_1,OBV_norm_minmax_1,OBV_std_1,OBV_norm_std_1,OBV_SMA_10_1,OBV_EMA_10_1,OBV_WMA_10_1,OBV_SMA_20_1,OBV_EMA_20_1,OBV_WMA_20_1,OBV_SMA_50_1,OBV_EMA_50_1,OBV_WMA_50_1,OBV_Trend_short_1,OBV_Trend_medium_1,OBV_Trend_long_1,OBV_Bullish_Div_10_1,OBV_Bearish_Div_10_1,OBV_Bullish_Div_20_1,OBV_Bearish_Div_20_1,OBV_Bullish_Div_50_1,OBV_Bearish_Div_50_1,VWAP_1,year,month,day,hour,minute,day_of_week,market_open_hour,stock_open_hour,is_summer,RSI_14,RSI_SMA_7,RSI_SMA_14,RSI,SMA_RSI,Vol_Weighted_RSI_SMA,RSI_EMA_7,RSI_EMA_14,RSI_Trend,RSI_Trend_Direction,RSI_Crossover_SMA,RSI_Crossover_EMA,future_direction_2,direction,same_direction,EMA_12,EMA_26,MACD,MACD_Signal,body_ratio_prev,SMA_10,EMA_10,ATR_14,Bollinger_High,Bollinger_Low,Bollinger_Width,SuperTrend_Trend,SuperTrend_Direction,SuperTrend_Long,SuperTrend_Short,Stoch_RSI,Keltner_High,Keltner_Low,Keltner_Mid,Keltner_Width,ADX,Williams_R,day_of_year,sin_day,cos_day,sin_hour,cos_hour,period_of_day,hourly_return,hourly_volatility,volatility_by_period,volatility_6h,volatility_12h,volatility_24h,volatility_period_0,volatility_period_1,volatility_period_2,volatility_period_3,volatility_morning,volatility_afternoon,volatility_evening,volatility_night,log_return_5m,log_return_1h,momentum_1h,log_return_4h,momentum_4h,log_return_1d,momentum_1d,momentum_5m,true_direction,predicted_direction
22,2025-03-11 01:55:00+00:00,6893.3,6894.1,6888.5,6889.4,152.0,2025-03-11 01:50:00+00:00,5.0,8662.8,8663.3,8659.3,8659.9,0,8693.35,8696.0,8656.0,8659.9,26735,65.64,66.88,65.07,66.34,0,-20.4448,-20.4448,10284.9864,4.0,-442.475,40.0,-44.165,1.81,3770.3481,0.0,0.0057,0,8659.9,8659.9,66.34,0.7956,0.7956,103.8499,0,0,1,0,0,1,0.0,0.0,0,0,0,0.0,0.0,0,0,0,0.0,0.0,0,0,0,0.0,0.0,0.0,0,0,0,0,0.0,0.0,0.0,0.0,0,0,0,0,0.0,0.0,0.0,0.0,0,0,0,0,0.0,0,0,0,0,1,0,17,8662.8,8663.3,8659.3,8659.9,0.0,1h,5.6,0.6964,0.1429,0.1607,0,none,0,0.0,0,0.1429,0.1607,0.9082,0,dark_cloud,0,1,7.8,0.0704,0.7669,261.0,269.2,240.3,0.5824,0.5646,0.6325,-0.0675,-0.6885,1047188.8,-0.068,-214.0,17156.6,113.0269,-0.8781,106381.3385,18.2284,112.54,109.7736,109.1283,111.1136,112.2233,111.2987,115.558,122.2699,113.8962,1.0,1.0,-1.0,0,0,0,0,0,0,-103.1429,-716.5263,-0.9498,-636.1306,-660.5565,0.0,1,1,0,-0.6786,-0.238,-0.0816,-0.0071,-0.8707,-0.8554,-0.5041,-1,-0.3513,-1,0.6984,9.3149,65.8627,0.0,20.7,8254.3644,6875.7996,6868.5159,-562.4,580.4763,6890.6667,1047381.3333,6893.2,0.0,1047381.3333,53.6851,0.0,562.4,1175.4286,1096.5929,51.7349,6874.7073,17,8693.35,8696.0,8656.0,8659.9,26735,4h,40.0,0.8363,0.0662,0.0975,0,long_body_bear,1,0.0,0,0.0662,0.0975,0.6693,0,dark_cloud,0,1,0.953,0.4132,1.2494,68626.4,71159.8,59742.6,0.3896,0.3757,0.4475,-0.6399,-0.3341,231522426.5,-0.6413,-637521.0,59742.6,-10.6711,0.3436,177329.7214,-3.5951,-11.4498,-11.2312,-11.4076,-10.7178,-11.1862,-11.1639,-11.4223,-11.6566,-11.246,1.0,1.0,1.0,0,0,0,0,0,0,-21521.675,2272854.9964,0.8221,2279487.6589,2334391.9382,2414978.6561,-1,-1,0,-0.805,-0.2027,-100.8787,-25910.2716,-0.5403,-25305.0969,-23249.186,-1,-2055.9109,-1,-2164.0896,-37.8629,-26.2804,-24.0736,8883.8,8253.5213,8689.8718,8739.8191,-876908.0,-1443999.238,8670.6333,231809382.1667,8688.2167,0.0,231809382.1667,40.8094,0.0,876908.0,1788859.3286,4507073.35,28.4129,8694.6615,17,65.64,66.88,65.07,66.34,0,1d,1.81,0.3867,0.2983,0.3149,1,none,0,0.0,0,0.2983,0.3149,0.3633,0,piercing_line,0,0,0.0,0.6778,1.0645,0.0,0.0,0.0,0.0,0.0,0.0,0.0,0.0,0.0,0.0,0.0,0.0,0.0,0.0,0.0,0.0,0.0,0.0,0.0,0.0,0.0,0.0,0.0,0.0,0.0,0.0,0.0,0.0,0,0,0,0,0,0,0.0,0.0,0,0.0,0.0,0.0,0,-1,0,0.4033,0.0,0.0,0.0,0,0.0,0.0,0,0.0,0,0.0,-17.2724,-53.4881,-90.3646,0.0,0.0,0.0,0.0,0.0,-0.0,66.0967,0.0,66.1933,0.0,0.0,100.0,0.0,0.0,0.0,0.0,0.0,0.0,240.3,-0.8906,0.5203,637.914,-0.3355,-3.6265,-2.2518,-2.2456,-2.2628,-2.2019,-2.8904,-1.9186,-1.34,-2.6779,1.0,1.0,1.0,0,0,0,0,0,0,6869.9066,2025,3,11,1,55,1,14,14.5,True,64.4219,55.1372,0.0,64.4219,45.9724,32.5326,54.205,43.3524,2.818,1,1,1,1,0,0,6879.0698,6875.6067,0.0,-0.45,0.7887,6874.86,6880.6134,7.7205,6900.1064,6843.5536,0.823,6867.3222,1,6867.3222,0.0,0.0,6879.8583,6864.4283,6872.1433,0.2245,0.0,-14.0818,70,0.9338,0.3577,0.2588,0.9659,3,-0.0005,0.0,0.0008,0.0009,0.0011,0.0,0.0,0.0,0.0,0.0009,0.0,0.0,0.0,0.0,-0.0005,-0.0003,-2.5,-0.0038,-32.8,0.01,0.66,-3.7,0,1
26,2025-03-11 02:15:00+00:00,6902.2,6915.0,6901.1,6912.5,349.0,2025-03-11 02:10:00+00:00,5.0,8662.8,8663.3,8659.3,8659.9,0,8693.35,8696.0,8656.0,8659.9,26735,65.64,66.88,65.07,66.34,0,-20.1781,-20.1781,10319.8071,4.0,-436.7,40.0,-43.5875,1.81,3783.1105,0.0,0.0131,0,8659.9,8659.9,66.34,0.7982,0.7982,104.1981,0,0,1,0,0,1,0.0,0.0,0,0,0,0.0,0.0,0,0,0,0.0,0.0,0,0,0,0.0,0.0,0.0,0,0,0,0,0.0,0.0,0.0,0.0,0,0,0,0,0.0,0.0,0.0,0.0,0,0,0,0,0.0,0,0,0,0,1,0,17,8662.8,8663.3,8659.3,8659.9,0.0,1h,13.9,0.741,0.1799,0.0791,1,long_body_bull,1,0.0,0,0.1799,0.0791,0.5457,0,three_white_soldiers,0,0,0.0,0.6168,1.3578,255.2,291.7,281.9,1.3676,1.1964,1.238,-0.0029,1.1411,2412462.5,-0.0015,608.0,17156.6,113.0269,-0.8781,106381.3385,18.2284,112.54,109.7736,109.1283,111.1136,112.2233,111.2987,115.558,122.2699,113.8962,1.0,1.0,-1.0,0,0,0,0,0,0,223.4604,-80.641,-0.9004,-462.2959,-747.8101,0.0,1,1,0,0.6403,-0.0668,0.4803,1.1255,-0.8041,0.0786,-0.3541,1,0.4327,1,1.051,157.1667,69.1739,0.0,-26.7,8254.3644,6892.5388,6874.8616,3315.5,1303.2124,6909.5333,2411427.1333,6900.8333,2411427.1333,0.0,71.9853,3315.5,0.0,1757.65,211.8857,89.2418,6891.0519,17,8693.35,8696.0,8656.0,8659.9,26735,4h,40.0,0.8363,0.0662,0.0975,0,long_body_bear,1,0.0,0,0.0662,0.0975,0.6693,0,dark_cloud,0,1,0.953,0.4132,1.2494,68626.4,71159.8,59742.6,0.3896,0.3757,0.4475,-0.6399,-0.3341,231522426.5,-0.6413,-637521.0,59742.6,-10.6711,0.3436,177329.7214,-3.5951,-11.4498,-11.2312,-11.4076,-10.7178,-11.1862,-11.1639,-11.4223,-11.6566,-11.246,1.0,1.0,1.0,0,0,0,0,0,0,-21521.675,2272854.9964,0.8221,2279487.6589,2334391.9382,2414978.6561,-1,-1,0,-0.805,-0.2027,-100.8787,-25910.2716,-0.5403,-25305.0969,-23249.186,-1,-2055.9109,-1,-2164.0896,-37.8629,-26.2804,-24.0736,8883.8,8253.5213,8689.8718,8739.8191,-876908.0,-1443999.238,8670.6333,231809382.1667,8688.2167,0.0,231809382.1667,40.8094,0.0,876908.0,1788859.3286,4507073.35,28.4129,8694.6615,17,65.64,66.88,65.07,66.34,0,1d,1.81,0.3867,0.2983,0.3149,1,none,0,0.0,0,0.2983,0.3149,0.3633,0,piercing_line,0,0,0.0,0.6778,1.0645,0.0,0.0,0.0,0.0,0.0,0.0,0.0,0.0,0.0,0.0,0.0,0.0,0.0,0.0,0.0,0.0,0.0,0.0,0.0,0.0,0.0,0.0,0.0,0.0,0.0,0.0,0.0,0.0,0,0,0,0,0,0,0.0,0.0,0,0.0,0.0,0.0,0,-1,0,0.4033,0.0,0.0,0.0,0,0.0,0.0,0,0.0,0,0.0,-17.2724,-53.4881,-90.3646,0.0,0.0,0.0,0.0,0.0,-0.0,66.0967,0.0,66.1933,0.0,0.0,100.0,0.0,0.0,0.0,0.0,0.0,0.0,281.9,2.1568,1.0,632.6558,0.961,-0.7891,-0.6635,-0.133,-2.4486,-1.3188,-1.8411,-1.5866,-1.0852,-1.8522,1.0,1.0,1.0,0,0,0,1,0,1,6875.4933,2025,3,11,2,15,1,14,14.5,True,84.9162,68.4276,53.6424,84.9162,63.9731,46.0445,68.8241,56.8024,7.5906,1,1,1,0,1,1,6890.0075,6882.2274,7.78,3.366,1.2991,6892.53,6892.3329,8.5436,6913.5708,6839.2392,1.081,6880.1475,1,6880.1475,0.0,1.0,6884.905,6867.34,6876.1225,0.2554,0.0,-3.5336,70,0.9338,0.3577,0.5,0.866,3,0.0014,0.0009,0.0008,0.0009,0.0008,0.0009,0.0,0.0,0.0,0.0009,0.0,0.0,0.0,0.0,0.0014,-0.0003,-2.5,-0.0038,-32.8,0.01,0.66,9.5,0,1
27,2025-03-11 02:20:00+00:00,6912.2,6918.9,6911.5,6915.3,470.0,2025-03-11 02:15:00+00:00,5.0,8662.8,8663.3,8659.3,8659.9,0,8693.35,8696.0,8656.0,8659.9,26735,65.64,66.88,65.07,66.34,0,-20.1457,-20.1457,10324.0277,4.0,-436.0,40.0,-43.5175,1.81,3784.6575,0.0,0.0176,0,8659.9,8659.9,66.34,0.7985,0.7985,104.2403,0,0,1,0,0,1,0.0,0.0,0,0,0,0.0,0.0,0,0,0,0.0,0.0,0,0,0,0.0,0.0,0.0,0,0,0,0,0.0,0.0,0.0,0.0,0,0,0,0,0.0,0.0,0.0,0.0,0,0,0,0,0.0,0,0,0,0,1,0,17,8662.8,8663.3,8659.3,8659.9,0.0,1h,7.4,0.4189,0.4865,0.0946,1,none,0,0.0,0,0.4865,0.0946,0.3612,0,three_white_soldiers,0,0,0.0,0.741,1.1599,318.8,289.9,304.3,1.4743,1.6212,1.5445,0.3467,2.0921,3250191.0,0.3473,1078.0,17156.6,113.0269,-0.8781,106381.3385,18.2284,112.54,109.7736,109.1283,111.1136,112.2233,111.2987,115.558,122.2699,113.8962,1.0,1.0,-1.0,0,0,0,0,0,0,12.7027,-67.9383,-0.8994,-332.5783,-673.6213,0.0,1,1,0,0.027,-0.0579,0.1904,1.3159,-0.7929,0.2808,-0.2944,1,0.5752,1,1.323,114.8386,73.9567,0.0,14.5,8254.3644,6898.6763,6877.9876,1316.0,1305.0392,6915.2333,3250159.6667,6909.5333,3250159.6667,0.0,85.0393,1316.0,0.0,1851.65,121.5786,93.8386,6897.478,17,8693.35,8696.0,8656.0,8659.9,26735,4h,40.0,0.8363,0.0662,0.0975,0,long_body_bear,1,0.0,0,0.0662,0.0975,0.6693,0,dark_cloud,0,1,0.953,0.4132,1.2494,68626.4,71159.8,59742.6,0.3896,0.3757,0.4475,-0.6399,-0.3341,231522426.5,-0.6413,-637521.0,59742.6,-10.6711,0.3436,177329.7214,-3.5951,-11.4498,-11.2312,-11.4076,-10.7178,-11.1862,-11.1639,-11.4223,-11.6566,-11.246,1.0,1.0,1.0,0,0,0,0,0,0,-21521.675,2272854.9964,0.8221,2279487.6589,2334391.9382,2414978.6561,-1,-1,0,-0.805,-0.2027,-100.8787,-25910.2716,-0.5403,-25305.0969,-23249.186,-1,-2055.9109,-1,-2164.0896,-37.8629,-26.2804,-24.0736,8883.8,8253.5213,8689.8718,8739.8191,-876908.0,-1443999.238,8670.6333,231809382.1667,8688.2167,0.0,231809382.1667,40.8094,0.0,876908.0,1788859.3286,4507073.35,28.4129,8694.6615,17,65.64,66.88,65.07,66.34,0,1d,1.81,0.3867,0.2983,0.3149,1,none,0,0.0,0,0.2983,0.3149,0.3633,0,piercing_line,0,0,0.0,0.6778,1.0645,0.0,0.0,0.0,0.0,0.0,0.0,0.0,0.0,0.0,0.0,0.0,0.0,0.0,0.0,0.0,0.0,0.0,0.0,0.0,0.0,0.0,0.0,0.0,0.0,0.0,0.0,0.0,0.0,0,0,0,0,0,0,0.0,0.0,0,0.0,0.0,0.0,0,-1,0,0.4033,0.0,0.0,0.0,0,0.0,0.0,0,0.0,0,0.0,-17.2724,-53.4881,-90.3646,0.0,0.0,0.0,0.0,0.0,-0.0,66.0967,0.0,66.1933,0.0,0.0,100.0,0.0,0.0,0.0,0.0,0.0,0.0,304.3,3.5426,1.0,676.1514,1.5943,-0.1485,0.1012,0.6546,-2.3154,-0.8558,-1.2705,-1.4034,-0.9037,-1.4801,1.0,1.0,1.0,0,0,0,1,0,1,6878.1744,2025,3,11,2,20,1,14,14.5,True,89.9543,72.4644,58.9307,89.9543,68.0749,51.9736,74.1067,61.2226,5.0381,1,1,1,0,1,1,6893.8986,6884.6773,9.2214,4.537,0.5324,6896.26,6896.5088,8.4619,6919.2824,6837.6576,1.1867,6887.903,1,6887.903,0.0,1.0,6887.2133,6869.1183,6878.1658,0.2631,28.4633,-4.8225,70,0.9338,0.3577,0.5,0.866,3,0.0004,0.0009,0.0008,0.0008,0.0008,0.0009,0.0,0.0,0.0,0.0008,0.0,0.0,0.0,0.0,0.0004,-0.0003,-2.5,-0.0038,-32.8,0.01,0.66,2.8,0,1
28,2025-03-11 02:25:00+00:00,6915.0,6916.0,6911.4,6911.5,73.0,2025-03-11 02:20:00+00:00,5.0,8662.8,8663.3,8659.3,8659.9,0,8693.35,8696.0,8656.0,8659.9,26735,65.64,66.88,65.07,66.34,0,-20.1896,-20.1896,10318.2997,4.0,-436.95,40.0,-43.6125,1.81,3782.558,0.0,0.0027,0,8659.9,8659.9,66.34,0.7981,0.7981,104.183,0,0,1,0,0,1,0.0,0.0,0,0,0,0.0,0.0,0,0,0,0.0,0.0,0,0,0,0.0,0.0,0.0,0,0,0,0,0.0,0.0,0.0,0.0,0,0,0,0,0.0,0.0,0.0,0.0,0,0,0,0,0.0,0,0,0,0,1,0,17,8662.8,8663.3,8659.3,8659.9,0.0,1h,4.6,0.7609,0.2174,0.0217,0,long_body_bear,1,0.0,0,0.2174,0.0217,0.6449,0,none,0,1,1.129,0.4189,1.1798,303.2,267.4,295.8,0.2408,0.273,0.2468,-0.8447,-0.5166,504539.5,-0.8448,1005.0,17156.6,113.0269,-0.8781,106381.3385,18.2284,112.54,109.7736,109.1283,111.1136,112.2233,111.2987,115.558,122.2699,113.8962,1.0,1.0,-1.0,0,0,0,0,0,0,-69.8261,-137.7644,-0.9049,-221.4327,-591.9185,0.0,1,1,0,-0.9565,-0.0407,-0.0401,1.2758,-0.7953,0.4364,-0.2403,1,0.6767,1,1.3333,48.8862,57.3585,85.9883,7.4,8254.3644,6900.2385,6878.8648,-277.4,1078.9765,6912.9667,504646.5667,6915.2333,0.0,504646.5667,92.4567,0.0,277.4,1804.9,141.3929,92.7353,6899.3286,17,8693.35,8696.0,8656.0,8659.9,26735,4h,40.0,0.8363,0.0662,0.0975,0,long_body_bear,1,0.0,0,0.0662,0.0975,0.6693,0,dark_cloud,0,1,0.953,0.4132,1.2494,68626.4,71159.8,59742.6,0.3896,0.3757,0.4475,-0.6399,-0.3341,231522426.5,-0.6413,-637521.0,59742.6,-10.6711,0.3436,177329.7214,-3.5951,-11.4498,-11.2312,-11.4076,-10.7178,-11.1862,-11.1639,-11.4223,-11.6566,-11.246,1.0,1.0,1.0,0,0,0,0,0,0,-21521.675,2272854.9964,0.8221,2279487.6589,2334391.9382,2414978.6561,-1,-1,0,-0.805,-0.2027,-100.8787,-25910.2716,-0.5403,-25305.0969,-23249.186,-1,-2055.9109,-1,-2164.0896,-37.8629,-26.2804,-24.0736,8883.8,8253.5213,8689.8718,8739.8191,-876908.0,-1443999.238,8670.6333,231809382.1667,8688.2167,0.0,231809382.1667,40.8094,0.0,876908.0,1788859.3286,4507073.35,28.4129,8694.6615,17,65.64,66.88,65.07,66.34,0,1d,1.81,0.3867,0.2983,0.3149,1,none,0,0.0,0,0.2983,0.3149,0.3633,0,piercing_line,0,0,0.0,0.6778,1.0645,0.0,0.0,0.0,0.0,0.0,0.0,0.0,0.0,0.0,0.0,0.0,0.0,0.0,0.0,0.0,0.0,0.0,0.0,0.0,0.0,0.0,0.0,0.0,0.0,0.0,0.0,0.0,0.0,0,0,0,0,0,0,0.0,0.0,0,0.0,0.0,0.0,0,-1,0,0.4033,0.0,0.0,0.0,0,0.0,0.0,0,0.0,0,0.0,-17.2724,-53.4881,-90.3646,0.0,0.0,0.0,0.0,0.0,-0.0,66.0967,0.0,66.1933,0.0,0.0,100.0,0.0,0.0,0.0,0.0,0.0,0.0,295.8,3.3976,0.9487,706.097,1.4233,0.3436,0.7006,1.2994,-2.0881,-0.4507,-0.7264,-1.2379,-0.735,-1.1549,1.0,1.0,1.0,0,0,0,0,0,0,6878.5195,2025,3,11,2,25,1,14,14.5,True,85.6655,75.9017,63.5123,85.6655,71.1927,54.3028,76.9964,64.4817,-4.2888,0,1,1,0,0,0,6896.6065,6886.6641,9.9424,5.6181,0.6216,6898.63,6899.2345,8.1861,6923.5594,6837.8606,1.2455,6887.903,1,6887.903,0.0,0.8746,6889.1917,6871.5417,6880.3667,0.2565,29.7218,-10.4668,70,0.9338,0.3577,0.5,0.866,3,-0.0005,0.0009,0.0008,0.0008,0.0008,0.0009,0.0,0.0,0.0,0.0008,0.0,0.0,0.0,0.0,-0.0005,-0.0003,-2.5,-0.0038,-32.8,0.01,0.66,-3.8,0,1
31,2025-03-11 02:40:00+00:00,6902.7,6902.7,6896.2,6897.7,77.0,2025-03-11 02:35:00+00:00,5.0,8662.8,8663.3,8659.3,8659.9,0,8693.35,8696.0,8656.0,8659.9,26735,65.64,66.88,65.07,66.34,0,-20.349,-20.349,10297.4977,4.0,-440.4,40.0,-43.9575,1.81,3774.9337,0.0,0.0029,0,8659.9,8659.9,66.34,0.7965,0.7965,103.975,0,0,1,0,0,1,0.0,0.0,0,0,0,0.0,0.0,0,0,0,0.0,0.0,0,0,0,0.0,0.0,0.0,0,0,0,0,0.0,0.0,0.0,0.0,0,0,0,0,0.0,0.0,0.0,0.0,0,0,0,0,0.0,0,0,0,0,1,0,17,8662.8,8663.3,8659.3,8659.9,0.0,1h,6.5,0.7692,0.0,0.2308,0,long_body_bear,1,0.0,0,0.0,0.2308,0.5885,0,three_black_crows,0,0,0.0,0.5378,1.307,184.4,219.8,264.8,0.4176,0.3503,0.2908,-0.3475,-0.7794,531122.9,-0.3479,626.0,17156.6,113.0269,-0.8781,106381.3385,18.2284,112.54,109.7736,109.1283,111.1136,112.2233,111.2987,115.558,122.2699,113.8962,1.0,1.0,-1.0,0,0,0,0,0,0,-41.4615,-362.7475,-0.9223,-232.4868,-445.0622,-350.6762,-1,-1,0,-0.5385,0.0535,-0.0547,1.0128,-0.8107,0.7817,-0.1255,1,0.9072,1,-0.1127,-78.0714,-17.8441,7.2093,-80.4,8254.3644,6904.6007,6884.6443,-377.3,468.2846,6898.8667,531212.7333,6903.4167,0.0,531212.7333,81.9691,0.0,377.3,1116.7143,271.1714,80.4615,6903.7919,17,8693.35,8696.0,8656.0,8659.9,26735,4h,40.0,0.8363,0.0662,0.0975,0,long_body_bear,1,0.0,0,0.0662,0.0975,0.6693,0,dark_cloud,0,1,0.953,0.4132,1.2494,68626.4,71159.8,59742.6,0.3896,0.3757,0.4475,-0.6399,-0.3341,231522426.5,-0.6413,-637521.0,59742.6,-10.6711,0.3436,177329.7214,-3.5951,-11.4498,-11.2312,-11.4076,-10.7178,-11.1862,-11.1639,-11.4223,-11.6566,-11.246,1.0,1.0,1.0,0,0,0,0,0,0,-21521.675,2272854.9964,0.8221,2279487.6589,2334391.9382,2414978.6561,-1,-1,0,-0.805,-0.2027,-100.8787,-25910.2716,-0.5403,-25305.0969,-23249.186,-1,-2055.9109,-1,-2164.0896,-37.8629,-26.2804,-24.0736,8883.8,8253.5213,8689.8718,8739.8191,-876908.0,-1443999.238,8670.6333,231809382.1667,8688.2167,0.0,231809382.1667,40.8094,0.0,876908.0,1788859.3286,4507073.35,28.4129,8694.6615,17,65.64,66.88,65.07,66.34,0,1d,1.81,0.3867,0.2983,0.3149,1,none,0,0.0,0,0.2983,0.3149,0.3633,0,piercing_line,0,0,0.0,0.6778,1.0645,0.0,0.0,0.0,0.0,0.0,0.0,0.0,0.0,0.0,0.0,0.0,0.0,0.0,0.0,0.0,0.0,0.0,0.0,0.0,0.0,0.0,0.0,0.0,0.0,0.0,0.0,0.0,0.0,0,0,0,0,0,0,0.0,0.0,0,0.0,0.0,0.0,0,-1,0,0.4033,0.0,0.0,0.0,0,0.0,0.0,0,0.0,0,0.0,-17.2724,-53.4881,-90.3646,0.0,0.0,0.0,0.0,0.0,-0.0,66.0967,0.0,66.1933,0.0,0.0,100.0,0.0,0.0,0.0,0.0,0.0,0.0,264.8,2.364,0.6822,729.324,0.8583,1.4736,1.4887,2.2001,-1.3936,0.3028,0.5293,-0.8906,-0.3735,-0.5178,1.0,1.0,1.0,0,0,0,0,0,0,6879.7713,2025,3,11,2,40,1,14,14.5,True,63.5862,78.7503,69.9861,63.5862,74.4702,62.7651,72.8377,66.5709,-8.7788,0,0,0,1,0,1,6898.5456,6889.7772,8.7685,7.4293,1.0924,6902.13,6900.2309,7.8751,6928.7004,6844.3496,1.2249,6887.903,1,6887.903,0.0,0.0,6894.7517,6877.4517,6886.1017,0.2512,28.413,-51.0843,70,0.9338,0.3577,0.5,0.866,3,-0.0007,0.001,0.0008,0.0009,0.0008,0.001,0.0,0.0,0.0,0.0009,0.0,0.0,0.0,0.0,-0.0007,-0.0003,-2.5,-0.0038,-32.8,0.01,0.66,-4.9,0,1
35,2025-03-11 03:00:00+00:00,6902.9,6907.9,6902.7,6906.2,57.0,2025-03-11 02:55:00+00:00,5.0,8662.8,8663.3,8659.3,8659.9,0,8693.35,8696.0,8656.0,8659.9,26735,65.64,66.88,65.07,66.34,0,-20.2508,-20.2508,10310.3105,4.0,-438.275,40.0,-43.745,1.81,3779.6298,0.0,0.0021,0,8659.9,8659.9,66.34,0.7975,0.7975,104.1031,0,0,1,0,0,1,0.0,0.0,0,0,0,0.0,0.0,0,0,0,0.0,0.0,0,0,0,0.0,0.0,0.0,0,0,0,0,0.0,0.0,0.0,0.0,0,0,0,0,0.0,0.0,0.0,0.0,0,0,0,0,0.0,0,0,0,0,1,0,17,8662.8,8663.3,8659.3,8659.9,0.0,1h,5.2,0.6346,0.3269,0.0385,1,none,0,0.0,0,0.3269,0.0385,0.4368,0,piercing_line,0,0,0.0,0.8182,1.4528,62.4,150.6,209.9,0.9135,0.3785,0.2716,-0.1618,-0.5169,393653.4,-0.1614,607.0,17156.6,113.0269,-0.8781,106381.3385,18.2284,112.54,109.7736,109.1283,111.1136,112.2233,111.2987,115.558,122.2699,113.8962,1.0,1.0,-1.0,0,0,0,0,0,0,19.7308,-366.9415,-0.9227,-368.483,-371.1309,-452.1737,-1,1,-1,0.3462,0.155,0.0248,1.0625,-0.8078,1.1104,-0.0138,1,1.1242,1,-0.005,48.8528,-1.7517,17.2334,-147.5,8254.3644,6909.5047,6896.235,171.0,290.3714,6905.6,393619.2,6904.4333,393619.2,0.0,67.9597,171.0,0.0,736.3214,249.7143,74.6749,6909.1157,17,8693.35,8696.0,8656.0,8659.9,26735,4h,40.0,0.8363,0.0662,0.0975,0,long_body_bear,1,0.0,0,0.0662,0.0975,0.6693,0,dark_cloud,0,1,0.953,0.4132,1.2494,68626.4,71159.8,59742.6,0.3896,0.3757,0.4475,-0.6399,-0.3341,231522426.5,-0.6413,-637521.0,59742.6,-10.6711,0.3436,177329.7214,-3.5951,-11.4498,-11.2312,-11.4076,-10.7178,-11.1862,-11.1639,-11.4223,-11.6566,-11.246,1.0,1.0,1.0,0,0,0,0,0,0,-21521.675,2272854.9964,0.8221,2279487.6589,2334391.9382,2414978.6561,-1,-1,0,-0.805,-0.2027,-100.8787,-25910.2716,-0.5403,-25305.0969,-23249.186,-1,-2055.9109,-1,-2164.0896,-37.8629,-26.2804,-24.0736,8883.8,8253.5213,8689.8718,8739.8191,-876908.0,-1443999.238,8670.6333,231809382.1667,8688.2167,0.0,231809382.1667,40.8094,0.0,876908.0,1788859.3286,4507073.35,28.4129,8694.6615,17,65.64,66.88,65.07,66.34,0,1d,1.81,0.3867,0.2983,0.3149,1,none,0,0.0,0,0.2983,0.3149,0.3633,0,piercing_line,0,0,0.0,0.6778,1.0645,0.0,0.0,0.0,0.0,0.0,0.0,0.0,0.0,0.0,0.0,0.0,0.0,0.0,0.0,0.0,0.0,0.0,0.0,0.0,0.0,0.0,0.0,0.0,0.0,0.0,0.0,0.0,0.0,0,0,0,0,0,0,0.0,0.0,0,0.0,0.0,0.0,0,-1,0,0.4033,0.0,0.0,0.0,0,0.0,0.0,0,0.0,0,0.0,-17.2724,-53.4881,-90.3646,0.0,0.0,0.0,0.0,0.0,-0.0,66.0967,0.0,66.1933,0.0,0.0,100.0,0.0,0.0,0.0,0.0,0.0,0.0,209.9,2.8919,0.6689,725.7966,0.8363,2.6917,2.1238,2.6422,0.5743,1.068,1.7628,-0.5022,0.068,0.1303,1.0,1.0,1.0,0,0,0,0,0,0,6880.4908,2025,3,11,3,0,1,14,14.5,True,58.6985,64.4539,70.1778,58.6985,71.1714,69.4734,63.6123,63.4506,1.536,1,0,0,1,1,0,6901.1824,6893.4643,7.7181,7.6902,0.9455,6905.9,6902.3375,7.7404,6920.7283,6873.2317,0.6887,6887.903,1,6887.903,0.0,0.2587,6904.7083,6888.0933,6896.4008,0.2409,27.3585,-36.0795,70,0.9338,0.3577,0.7071,0.7071,3,0.0004,0.0009,0.0008,0.001,0.001,0.0009,0.0,0.0,0.0,0.001,0.0,0.0,0.0,0.0,0.0004,-0.0003,-2.5,-0.0038,-32.8,0.01,0.66,3.0,0,1
36,2025-03-11 03:05:00+00:00,6906.4,6910.7,6904.7,6907.4,132.0,2025-03-11 03:00:00+00:00,5.0,8662.8,8663.3,8659.3,8659.9,0,8693.35,8696.0,8656.0,8659.9,26735,65.64,66.88,65.07,66.34,0,-20.237,-20.237,10312.1194,4.0,-437.975,40.0,-43.715,1.81,3780.2928,0.0,0.0049,0,8659.9,8659.9,66.34,0.7976,0.7976,104.1212,0,0,1,0,0,1,0.0,0.0,0,0,0,0.0,0.0,0,0,0,0.0,0.0,0,0,0,0.0,0.0,0.0,0,0,0,0,0.0,0.0,0.0,0.0,0,0,0,0,0.0,0.0,0.0,0.0,0,0,0,0,0.0,0,0,0,0,1,0,17,8662.8,8663.3,8659.3,8659.9,0.0,1h,6.0,0.1667,0.55,0.2833,1,spinning_top,1,0.0,0,0.55,0.2833,0.208,0,none,0,0,0.0,0.6346,0.8013,73.4,128.9,210.3,1.7984,1.024,0.6277,1.3158,0.7143,911776.8,1.3162,739.0,17156.6,113.0269,-0.8781,106381.3385,18.2284,112.54,109.7736,109.1283,111.1136,112.2233,111.2987,115.558,122.2699,113.8962,1.0,1.0,-1.0,0,0,0,0,0,0,-13.2,-380.1415,-0.9237,-371.9618,-355.5815,-474.707,-1,1,-1,-0.1,0.1273,0.0229,1.0854,-0.8065,1.1064,0.0194,1,1.087,1,0.0726,64.0634,23.4999,23.5465,-136.9,8254.3644,6908.4782,6897.4237,158.4,271.5184,6907.6,911803.2,6905.6,911803.2,0.0,66.5672,158.4,0.0,747.6357,209.5429,78.1083,6908.8475,17,8693.35,8696.0,8656.0,8659.9,26735,4h,40.0,0.8363,0.0662,0.0975,0,long_body_bear,1,0.0,0,0.0662,0.0975,0.6693,0,dark_cloud,0,1,0.953,0.4132,1.2494,68626.4,71159.8,59742.6,0.3896,0.3757,0.4475,-0.6399,-0.3341,231522426.5,-0.6413,-637521.0,59742.6,-10.6711,0.3436,177329.7214,-3.5951,-11.4498,-11.2312,-11.4076,-10.7178,-11.1862,-11.1639,-11.4223,-11.6566,-11.246,1.0,1.0,1.0,0,0,0,0,0,0,-21521.675,2272854.9964,0.8221,2279487.6589,2334391.9382,2414978.6561,-1,-1,0,-0.805,-0.2027,-100.8787,-25910.2716,-0.5403,-25305.0969,-23249.186,-1,-2055.9109,-1,-2164.0896,-37.8629,-26.2804,-24.0736,8883.8,8253.5213,8689.8718,8739.8191,-876908.0,-1443999.238,8670.6333,231809382.1667,8688.2167,0.0,231809382.1667,40.8094,0.0,876908.0,1788859.3286,4507073.35,28.4129,8694.6615,17,65.64,66.88,65.07,66.34,0,1d,1.81,0.3867,0.2983,0.3149,1,none,0,0.0,0,0.2983,0.3149,0.3633,0,piercing_line,0,0,0.0,0.6778,1.0645,0.0,0.0,0.0,0.0,0.0,0.0,0.0,0.0,0.0,0.0,0.0,0.0,0.0,0.0,0.0,0.0,0.0,0.0,0.0,0.0,0.0,0.0,0.0,0.0,0.0,0.0,0.0,0.0,0,0,0,0,0,0,0.0,0.0,0,0.0,0.0,0.0,0,-1,0,0.4033,0.0,0.0,0.0,0,0.0,0.0,0,0.0,0,0.0,-17.2724,-53.4881,-90.3646,0.0,0.0,0.0,0.0,0.0,-0.0,66.0967,0.0,66.1933,0.0,0.0,100.0,0.0,0.0,0.0,0.0,0.0,0.0,210.3,3.514,0.7617,727.9563,1.0152,2.8274,2.3766,2.7918,1.0191,1.301,2.0427,-0.3936,0.2031,0.3084,1.0,1.0,1.0,0,0,0,0,0,0,6880.9464,2025,3,11,3,5,1,14,14.5,True,62.3626,62.3002,70.0307,62.3626,68.916,70.9056,63.2999,63.3055,3.6641,1,1,0,1,1,1,6902.1389,6894.4966,7.6424,7.6807,1.1538,6905.39,6903.2579,7.6161,6918.953,6878.967,0.5796,6887.903,1,6887.903,0.0,0.2952,6906.7517,6890.2167,6898.4842,0.2397,27.6261,-32.6705,70,0.9338,0.3577,0.7071,0.7071,3,0.0002,0.0009,0.0008,0.001,0.0009,0.0009,0.0,0.0,0.0,0.001,0.0,0.0,0.0,0.0,0.0002,-0.0003,-2.5,-0.0038,-32.8,0.01,0.66,1.2,0,1
40,2025-03-11 03:25:00+00:00,6910.4,6915.8,6907.8,6909.2,279.0,2025-03-11 03:20:00+00:00,5.0,8662.8,8663.3,8659.3,8659.9,0,8693.35,8696.0,8656.0,8659.9,26735,65.64,66.88,65.07,66.34,0,-20.2162,-20.2162,10314.8327,4.0,-437.525,40.0,-43.67,1.81,3781.2873,0.0,0.0104,0,8659.9,8659.9,66.34,0.7978,0.7978,104.1483,0,0,1,0,0,1,0.0,0.0,0,0,0,0.0,0.0,0,0,0,0.0,0.0,0,0,0,0.0,0.0,0.0,0,0,0,0,0.0,0.0,0.0,0.0,0,0,0,0,0.0,0.0,0.0,0.0,0,0,0,0,0.0,0,0,0,0,1,0,17,8662.8,8663.3,8659.3,8659.9,0.0,1h,8.0,0.15,0.675,0.175,0,spinning_top,1,0.0,0,0.675,0.175,0.375,0,dark_cloud,0,1,1.5,0.25,0.4,197.6,130.0,179.2,1.4119,2.1462,1.5569,1.3846,3.8947,1927666.8,1.3843,283.0,17156.6,113.0269,-0.8781,106381.3385,18.2284,112.54,109.7736,109.1283,111.1136,112.2233,111.2987,115.558,122.2699,113.8962,1.0,1.0,-1.0,0,0,0,0,0,0,-181.35,-306.156,-0.9179,-261.2352,-268.5945,-527.0483,1,0,0,-0.65,0.0838,-0.0404,1.0471,-0.8087,1.0622,0.1775,1,0.8847,1,-0.0154,45.7773,112.9228,26.1957,18.4,8254.3644,6907.5764,6905.3053,-279.0,105.3575,6910.9333,1928150.4,6909.5333,1928150.4,0.0,59.924,0.0,279.0,187.4429,226.2071,45.3144,6907.6368,17,8693.35,8696.0,8656.0,8659.9,26735,4h,40.0,0.8363,0.0662,0.0975,0,long_body_bear,1,0.0,0,0.0662,0.0975,0.6693,0,dark_cloud,0,1,0.953,0.4132,1.2494,68626.4,71159.8,59742.6,0.3896,0.3757,0.4475,-0.6399,-0.3341,231522426.5,-0.6413,-637521.0,59742.6,-10.6711,0.3436,177329.7214,-3.5951,-11.4498,-11.2312,-11.4076,-10.7178,-11.1862,-11.1639,-11.4223,-11.6566,-11.246,1.0,1.0,1.0,0,0,0,0,0,0,-21521.675,2272854.9964,0.8221,2279487.6589,2334391.9382,2414978.6561,-1,-1,0,-0.805,-0.2027,-100.8787,-25910.2716,-0.5403,-25305.0969,-23249.186,-1,-2055.9109,-1,-2164.0896,-37.8629,-26.2804,-24.0736,8883.8,8253.5213,8689.8718,8739.8191,-876908.0,-1443999.238,8670.6333,231809382.1667,8688.2167,0.0,231809382.1667,40.8094,0.0,876908.0,1788859.3286,4507073.35,28.4129,8694.6615,17,65.64,66.88,65.07,66.34,0,1d,1.81,0.3867,0.2983,0.3149,1,none,0,0.0,0,0.2983,0.3149,0.3633,0,piercing_line,0,0,0.0,0.6778,1.0645,0.0,0.0,0.0,0.0,0.0,0.0,0.0,0.0,0.0,0.0,0.0,0.0,0.0,0.0,0.0,0.0,0.0,0.0,0.0,0.0,0.0,0.0,0.0,0.0,0.0,0.0,0.0,0.0,0,0,0,0,0,0,0.0,0.0,0,0.0,0.0,0.0,0,-1,0,0.4033,0.0,0.0,0.0,0,0.0,0.0,0,0.0,0,0.0,-17.2724,-53.4881,-90.3646,0.0,0.0,0.0,0.0,0.0,-0.0,66.0967,0.0,66.1933,0.0,0.0,100.0,0.0,0.0,0.0,0.0,0.0,0.0,179.2,1.5792,0.4411,714.8007,0.3959,2.7524,2.5122,2.7683,1.9823,1.7669,2.5571,-0.0815,0.5825,0.7624,-1.0,-1.0,1.0,0,0,0,0,0,0,6883.7891,2025,3,11,3,25,1,14,14.5,True,46.7327,58.1496,65.5703,46.7327,59.256,65.6669,57.6313,60.1665,-9.369,0,0,0,0,0,0,6905.8868,6898.5693,7.3174,7.5947,2.5,6905.85,6906.8763,7.0144,6919.3858,6888.1342,0.4527,6891.3596,1,6891.3596,0.0,0.3068,6910.635,6896.35,6903.4925,0.2069,29.336,-40.0826,70,0.9338,0.3577,0.7071,0.7071,3,-0.0001,0.0008,0.0008,0.0003,0.0007,0.0008,0.0,0.0,0.0,0.0003,0.0,0.0,0.0,0.0,-0.0001,-0.0003,-2.5,-0.0038,-32.8,0.01,0.66,-1.0,0,1
42,2025-03-11 03:35:00+00:00,6910.9,6911.8,6909.7,6910.7,228.0,2025-03-11 03:30:00+00:00,5.0,8662.8,8663.3,8659.3,8659.9,0,8693.35,8696.0,8656.0,8659.9,26735,65.64,66.88,65.07,66.34,0,-20.1988,-20.1988,10317.0938,4.0,-437.15,40.0,-43.6325,1.81,3782.116,0.0,0.0085,0,8659.9,8659.9,66.34,0.798,0.798,104.1709,0,0,1,0,0,1,0.0,0.0,0,0,0,0.0,0.0,0,0,0,0.0,0.0,0,0,0,0.0,0.0,0.0,0,0,0,0,0.0,0.0,0.0,0.0,0,0,0,0,0.0,0.0,0.0,0.0,0,0,0,0,0.0,0,0,0,0,1,0,17,8662.8,8663.3,8659.3,8659.9,0.0,1h,2.1,0.0952,0.4286,0.4762,0,long_legged,1,0.0476,0,0.4286,0.4762,0.134,0,none,0,0,0.0,0.6154,0.7106,201.6,139.9,175.2,1.131,1.6297,1.3014,31.5714,1.747,1575639.6,31.5714,290.0,17156.6,113.0269,-0.8781,106381.3385,18.2284,112.54,109.7736,109.1283,111.1136,112.2233,111.2987,115.558,122.2699,113.8962,1.0,1.0,-1.0,0,0,0,0,0,0,-10.8571,-313.2439,-0.9185,-248.9047,-299.7313,-486.6763,-1,0,0,-0.0476,0.1151,0.0,1.0486,-0.8086,1.0711,0.3659,1,0.7052,1,-0.074,34.0824,60.4156,41.8684,26.4,8254.3644,6909.1455,6906.9248,0.0,78.6912,6910.7333,1575647.2,6910.2333,1575647.2,0.0,46.7967,0.0,0.0,94.1929,206.3929,31.3364,6909.1251,17,8693.35,8696.0,8656.0,8659.9,26735,4h,40.0,0.8363,0.0662,0.0975,0,long_body_bear,1,0.0,0,0.0662,0.0975,0.6693,0,dark_cloud,0,1,0.953,0.4132,1.2494,68626.4,71159.8,59742.6,0.3896,0.3757,0.4475,-0.6399,-0.3341,231522426.5,-0.6413,-637521.0,59742.6,-10.6711,0.3436,177329.7214,-3.5951,-11.4498,-11.2312,-11.4076,-10.7178,-11.1862,-11.1639,-11.4223,-11.6566,-11.246,1.0,1.0,1.0,0,0,0,0,0,0,-21521.675,2272854.9964,0.8221,2279487.6589,2334391.9382,2414978.6561,-1,-1,0,-0.805,-0.2027,-100.8787,-25910.2716,-0.5403,-25305.0969,-23249.186,-1,-2055.9109,-1,-2164.0896,-37.8629,-26.2804,-24.0736,8883.8,8253.5213,8689.8718,8739.8191,-876908.0,-1443999.238,8670.6333,231809382.1667,8688.2167,0.0,231809382.1667,40.8094,0.0,876908.0,1788859.3286,4507073.35,28.4129,8694.6615,17,65.64,66.88,65.07,66.34,0,1d,1.81,0.3867,0.2983,0.3149,1,none,0,0.0,0,0.2983,0.3149,0.3633,0,piercing_line,0,0,0.0,0.6778,1.0645,0.0,0.0,0.0,0.0,0.0,0.0,0.0,0.0,0.0,0.0,0.0,0.0,0.0,0.0,0.0,0.0,0.0,0.0,0.0,0.0,0.0,0.0,0.0,0.0,0.0,0.0,0.0,0.0,0,0,0,0,0,0,0.0,0.0,0,0.0,0.0,0.0,0,-1,0,0.4033,0.0,0.0,0.0,0,0.0,0.0,0,0.0,0,0.0,-17.2724,-53.4881,-90.3646,0.0,0.0,0.0,0.0,0.0,-0.0,66.0967,0.0,66.1933,0.0,0.0,100.0,0.0,0.0,0.0,0.0,0.0,0.0,175.2,1.6553,0.446,700.1869,0.4142,2.6143,2.2344,2.3882,2.2067,1.7498,2.489,0.0002,0.6664,0.8443,-1.0,-1.0,1.0,0,1,0,0,0,0,6884.5007,2025,3,11,3,35,1,14,14.5,True,49.1189,55.09,59.772,49.1189,56.7313,63.3487,53.1958,56.9785,3.7937,1,0,0,0,0,0,6907.2538,6900.2999,6.9539,7.3969,0.8077,6908.65,6908.1403,6.3706,6919.2818,6892.1282,0.3932,6892.8922,1,6892.8922,0.0,0.7734,6912.09,6898.605,6905.3475,0.1953,30.7846,-24.1706,70,0.9338,0.3577,0.7071,0.7071,3,0.0,0.0007,0.0008,0.0002,0.0007,0.0007,0.0,0.0,0.0,0.0002,0.0,0.0,0.0,0.0,0.0,-0.0003,-2.5,-0.0038,-32.8,0.01,0.66,0.0,0,1
43,2025-03-11 03:40:00+00:00,6910.5,6911.7,6903.1,6904.4,158.0,2025-03-11 03:35:00+00:00,5.0,8662.8,8663.3,8659.3,8659.9,0,8693.35,8696.0,8656.0,8659.9,26735,65.64,66.88,65.07,66.34,0,-20.2716,-20.2716,10307.5972,4.0,-438.725,40.0,-43.79,1.81,3778.6354,0.0,0.0059,0,8659.9,8659.9,66.34,0.7973,0.7973,104.076,0,0,1,0,0,1,0.0,0.0,0,0,0,0.0,0.0,0,0,0,0.0,0.0,0,0,0,0.0,0.0,0.0,0,0,0,0,0.0,0.0,0.0,0.0,0,0,0,0,0.0,0.0,0.0,0.0,0,0,0,0,0.0,0,0,0,0,1,0,17,8662.8,8663.3,8659.3,8659.9,0.0,1h,8.6,0.7093,0.1395,0.1512,0,long_body_bear,1,0.0,0,0.1395,0.1512,0.8816,0,none,0,0,0.0,0.0952,0.8045,157.8,150.6,175.55,1.0013,1.0491,0.9,-0.307,-0.5809,1090895.2,-0.3076,132.0,17156.6,113.0269,-0.8781,106381.3385,18.2284,112.54,109.7736,109.1283,111.1136,112.2233,111.2987,115.558,122.2699,113.8962,1.0,1.0,-1.0,0,0,0,0,0,0,-110.2326,-423.4764,-0.927,-294.0138,-318.7788,-455.3486,-1,-1,0,-0.6977,0.0769,-0.144,0.9046,-0.8171,1.0524,0.4696,1,0.5828,1,-0.1744,-148.3911,-44.237,1.8356,-17.75,8254.3644,6908.6627,6907.6638,-995.4,-74.7504,6906.4,1091211.2,6910.7333,0.0,1091211.2,55.2639,0.0,995.4,94.1929,199.95,32.0228,6909.0003,17,8693.35,8696.0,8656.0,8659.9,26735,4h,40.0,0.8363,0.0662,0.0975,0,long_body_bear,1,0.0,0,0.0662,0.0975,0.6693,0,dark_cloud,0,1,0.953,0.4132,1.2494,68626.4,71159.8,59742.6,0.3896,0.3757,0.4475,-0.6399,-0.3341,231522426.5,-0.6413,-637521.0,59742.6,-10.6711,0.3436,177329.7214,-3.5951,-11.4498,-11.2312,-11.4076,-10.7178,-11.1862,-11.1639,-11.4223,-11.6566,-11.246,1.0,1.0,1.0,0,0,0,0,0,0,-21521.675,2272854.9964,0.8221,2279487.6589,2334391.9382,2414978.6561,-1,-1,0,-0.805,-0.2027,-100.8787,-25910.2716,-0.5403,-25305.0969,-23249.186,-1,-2055.9109,-1,-2164.0896,-37.8629,-26.2804,-24.0736,8883.8,8253.5213,8689.8718,8739.8191,-876908.0,-1443999.238,8670.6333,231809382.1667,8688.2167,0.0,231809382.1667,40.8094,0.0,876908.0,1788859.3286,4507073.35,28.4129,8694.6615,17,65.64,66.88,65.07,66.34,0,1d,1.81,0.3867,0.2983,0.3149,1,none,0,0.0,0,0.2983,0.3149,0.3633,0,piercing_line,0,0,0.0,0.6778,1.0645,0.0,0.0,0.0,0.0,0.0,0.0,0.0,0.0,0.0,0.0,0.0,0.0,0.0,0.0,0.0,0.0,0.0,0.0,0.0,0.0,0.0,0.0,0.0,0.0,0.0,0.0,0.0,0.0,0,0,0,0,0,0,0.0,0.0,0,0.0,0.0,0.0,0,-1,0,0.4033,0.0,0.0,0.0,0,0.0,0.0,0,0.0,0,0.0,-17.2724,-53.4881,-90.3646,0.0,0.0,0.0,0.0,0.0,-0.0,66.0967,0.0,66.1933,0.0,0.0,100.0,0.0,0.0,0.0,0.0,0.0,0.0,175.55,0.7519,0.335,692.2048,0.1907,2.4196,1.9649,2.0496,2.3186,1.6547,2.3505,0.0173,0.6697,0.8402,-1.0,-1.0,1.0,0,0,0,0,0,0,6884.8482,2025,3,11,3,40,1,14,14.5,True,48.69,53.1368,57.7185,48.69,55.0181,62.1152,52.0693,55.8734,-0.429,0,0,0,0,0,1,6906.8148,6900.6036,6.2112,7.1597,4.0952,6908.22,6907.4603,6.5298,6917.1742,6895.9658,0.3071,6892.8922,1,6892.8922,0.0,0.0,6913.205,6899.45,6906.3275,0.1992,30.0592,-54.0284,70,0.9338,0.3577,0.7071,0.7071,3,-0.0009,0.0008,0.0008,0.0004,0.0007,0.0008,0.0,0.0,0.0,0.0004,0.0,0.0,0.0,0.0,-0.0009,-0.0003,-2.5,-0.0038,-32.8,0.01,0.66,-6.3,0,1
46,2025-03-11 03:55:00+00:00,6907.7,6907.8,6905.8,6905.9,10.0,2025-03-11 03:50:00+00:00,5.0,8662.8,8663.3,8659.3,8659.9,0,8693.35,8696.0,8656.0,8659.9,26735,65.64,66.88,65.07,66.34,0,-20.2543,-20.2543,10309.8583,4.0,-438.35,40.0,-43.7525,1.81,3779.4641,0.0,0.0004,0,8659.9,8659.9,66.34,0.7975,0.7975,104.0986,0,0,1,0,0,1,0.0,0.0,0,0,0,0.0,0.0,0,0,0,0.0,0.0,0,0,0,0.0,0.0,0.0,0,0,0,0,0.0,0.0,0.0,0.0,0,0,0,0,0.0,0.0,0.0,0.0,0,0,0,0,0.0,0,0,0,0,1,0,17,8662.8,8663.3,8659.3,8659.9,0.0,1h,2.0,0.9,0.05,0.05,0,long_body_bear,1,0.0,0,0.05,0.05,0.7026,0,none,0,0,0.0,0.381,1.281,126.4,149.5,139.2,0.0791,0.0669,0.0718,-0.9275,0.4286,69059.0,-0.9276,358.0,17156.6,113.0269,-0.8781,106381.3385,18.2284,112.54,109.7736,109.1283,111.1136,112.2233,111.2987,115.558,122.2699,113.8962,1.0,1.0,-1.0,0,0,0,0,0,0,-9.0,-341.0479,-0.9206,-347.0585,-321.5682,-383.3152,-1,-1,0,-0.9,-0.0935,-0.0029,0.9525,-0.8143,1.0198,0.7349,1,0.2848,1,-0.0961,-39.2641,-43.6445,-10.0175,-12.8,8254.3644,6908.9646,6908.7394,-20.0,-12.6078,6906.5,69065.0,6907.9333,0.0,69065.0,62.2637,0.0,20.0,119.2643,140.7143,45.8747,6909.1298,17,8693.35,8696.0,8656.0,8659.9,26735,4h,40.0,0.8363,0.0662,0.0975,0,long_body_bear,1,0.0,0,0.0662,0.0975,0.6693,0,dark_cloud,0,1,0.953,0.4132,1.2494,68626.4,71159.8,59742.6,0.3896,0.3757,0.4475,-0.6399,-0.3341,231522426.5,-0.6413,-637521.0,59742.6,-10.6711,0.3436,177329.7214,-3.5951,-11.4498,-11.2312,-11.4076,-10.7178,-11.1862,-11.1639,-11.4223,-11.6566,-11.246,1.0,1.0,1.0,0,0,0,0,0,0,-21521.675,2272854.9964,0.8221,2279487.6589,2334391.9382,2414978.6561,-1,-1,0,-0.805,-0.2027,-100.8787,-25910.2716,-0.5403,-25305.0969,-23249.186,-1,-2055.9109,-1,-2164.0896,-37.8629,-26.2804,-24.0736,8883.8,8253.5213,8689.8718,8739.8191,-876908.0,-1443999.238,8670.6333,231809382.1667,8688.2167,0.0,231809382.1667,40.8094,0.0,876908.0,1788859.3286,4507073.35,28.4129,8694.6615,17,65.64,66.88,65.07,66.34,0,1d,1.81,0.3867,0.2983,0.3149,1,none,0,0.0,0,0.2983,0.3149,0.3633,0,piercing_line,0,0,0.0,0.6778,1.0645,0.0,0.0,0.0,0.0,0.0,0.0,0.0,0.0,0.0,0.0,0.0,0.0,0.0,0.0,0.0,0.0,0.0,0.0,0.0,0.0,0.0,0.0,0.0,0.0,0.0,0.0,0.0,0.0,0,0,0,0,0,0,0.0,0.0,0,0.0,0.0,0.0,0,-1,0,0.4033,0.0,0.0,0.0,0,0.0,0.0,0,0.0,0,0.0,-17.2724,-53.4881,-90.3646,0.0,0.0,0.0,0.0,0.0,-0.0,66.0967,0.0,66.1933,0.0,0.0,100.0,0.0,0.0,0.0,0.0,0.0,0.0,139.2,2.5718,0.4938,673.4424,0.5316,2.1632,2.0622,1.9259,2.4953,1.7811,2.2657,0.1504,0.8336,0.9957,1.0,1.0,1.0,0,0,0,0,0,0,6885.4542,2025,3,11,3,55,1,14,14.5,True,62.3188,52.8623,56.8694,62.3188,55.2127,59.5139,57.0404,57.4433,0.0,0,1,1,1,0,1,6906.9128,6901.947,4.9658,6.2787,0.9524,6908.69,6907.2712,5.887,6916.1395,6897.9405,0.2635,6892.8922,1,6892.8922,0.0,0.073,6912.6517,6901.5867,6907.1192,0.1602,27.5532,-46.9194,70,0.9338,0.3577,0.7071,0.7071,3,-0.0003,0.0007,0.0008,0.0005,0.0004,0.0007,0.0,0.0,0.0,0.0005,0.0,0.0,0.0,0.0,-0.0003,-0.0003,-2.5,-0.0038,-32.8,0.01,0.66,-2.0,0,1
47,2025-03-11 04:00:00+00:00,6905.7,6905.7,6902.5,6902.8,38.0,2025-03-11 03:55:00+00:00,5.0,8662.8,8663.3,8659.3,8659.9,0,8693.35,8696.0,8656.0,8659.9,26735,65.64,66.88,65.07,66.34,0,-20.2901,-20.2901,10305.1854,4.0,-439.125,40.0,-43.83,1.81,3777.7514,0.0,0.0014,0,8659.9,8659.9,66.34,0.7971,0.7971,104.0519,0,0,1,0,0,1,0.0,0.0,0,0,0,0.0,0.0,0,0,0,0.0,0.0,0,0,0,0.0,0.0,0.0,0,0,0,0,0.0,0.0,0.0,0.0,0,0,0,0,0.0,0.0,0.0,0.0,0,0,0,0,0.0,0,0,0,0,1,0,17,8662.8,8663.3,8659.3,8659.9,0.0,1h,3.2,0.9063,0.0,0.0937,0,belt_hold_bear,1,0.0,0,0.0,0.0937,0.5017,0,three_black_crows,0,0,0.0,0.9,1.8063,88.4,145.0,117.6,0.4299,0.2621,0.3231,2.8,-0.8333,262306.4,2.7983,320.0,17156.6,113.0269,-0.8781,106381.3385,18.2284,112.54,109.7736,109.1283,111.1136,112.2233,111.2987,115.558,122.2699,113.8962,1.0,1.0,-1.0,0,0,0,0,0,0,-30.875,-371.9229,-0.923,-358.7943,-320.6879,-371.1162,-1,-1,0,-0.8125,-0.1292,-0.0171,0.9355,-0.8153,1.001,0.7896,1,0.2114,1,-0.1132,-80.2344,-89.5785,-79.0397,-29.2,8254.3644,6908.7152,6907.3324,-117.8,-27.6353,6903.6667,262339.3333,6906.5,0.0,262339.3333,63.9523,0.0,117.8,71.9071,149.1286,32.5319,6908.9807,17,8693.35,8696.0,8656.0,8659.9,26735,4h,40.0,0.8363,0.0662,0.0975,0,long_body_bear,1,0.0,0,0.0662,0.0975,0.6693,0,dark_cloud,0,1,0.953,0.4132,1.2494,68626.4,71159.8,59742.6,0.3896,0.3757,0.4475,-0.6399,-0.3341,231522426.5,-0.6413,-637521.0,59742.6,-10.6711,0.3436,177329.7214,-3.5951,-11.4498,-11.2312,-11.4076,-10.7178,-11.1862,-11.1639,-11.4223,-11.6566,-11.246,1.0,1.0,1.0,0,0,0,0,0,0,-21521.675,2272854.9964,0.8221,2279487.6589,2334391.9382,2414978.6561,-1,-1,0,-0.805,-0.2027,-100.8787,-25910.2716,-0.5403,-25305.0969,-23249.186,-1,-2055.9109,-1,-2164.0896,-37.8629,-26.2804,-24.0736,8883.8,8253.5213,8689.8718,8739.8191,-876908.0,-1443999.238,8670.6333,231809382.1667,8688.2167,0.0,231809382.1667,40.8094,0.0,876908.0,1788859.3286,4507073.35,28.4129,8694.6615,17,65.64,66.88,65.07,66.34,0,1d,1.81,0.3867,0.2983,0.3149,1,none,0,0.0,0,0.2983,0.3149,0.3633,0,piercing_line,0,0,0.0,0.6778,1.0645,0.0,0.0,0.0,0.0,0.0,0.0,0.0,0.0,0.0,0.0,0.0,0.0,0.0,0.0,0.0,0.0,0.0,0.0,0.0,0.0,0.0,0.0,0.0,0.0,0.0,0.0,0.0,0.0,0,0,0,0,0,0,0.0,0.0,0,0.0,0.0,0.0,0,-1,0,0.4033,0.0,0.0,0.0,0,0.0,0.0,0,0.0,0,0.0,-17.2724,-53.4881,-90.3646,0.0,0.0,0.0,0.0,0.0,-0.0,66.0967,0.0,66.1933,0.0,0.0,100.0,0.0,0.0,0.0,0.0,0.0,0.0,117.6,2.7211,0.4671,667.455,0.4794,2.0028,2.182,2.0274,2.4542,1.8706,2.2872,0.2039,0.9076,1.0661,1.0,1.0,1.0,1,0,0,0,0,0,6885.5249,2025,3,11,4,0,1,14,14.5,True,40.6349,51.9912,55.0704,40.6349,52.6865,58.9345,52.939,55.2022,-21.6839,0,0,0,1,0,1,6906.2801,6902.0102,4.2699,5.8769,1.6,6907.92,6906.4582,5.7093,6914.8524,6897.9776,0.2443,6892.8922,1,6892.8922,0.0,0.0,6911.8633,6901.2183,6906.5408,0.1541,26.0875,-92.1986,70,0.9338,0.3577,0.866,0.5,0,-0.0004,0.0007,0.0006,0.0005,0.0004,0.0007,0.0,0.0,0.0,0.0,0.0,0.0,0.0,0.0,-0.0004,-0.0003,-2.5,-0.0038,-32.8,0.01,0.66,-3.1,0,1
48,2025-03-11 04:05:00+00:00,6902.7,6904.75,6902.3,6904.3,41.0,2025-03-11 04:00:00+00:00,5.0,8662.8,8663.3,8659.3,8659.9,0,8693.35,8696.0,8656.0,8659.9,26735,65.64,66.88,65.07,66.34,0,-20.2728,-20.2728,10307.4465,4.0,-438.75,40.0,-43.7925,1.81,3778.5801,0.0,0.0015,0,8659.9,8659.9,66.34,0.7973,0.7973,104.0745,0,0,1,0,0,1,0.0,0.0,0,0,0,0.0,0.0,0,0,0,0.0,0.0,0,0,0,0.0,0.0,0.0,0,0,0,0,0.0,0.0,0.0,0.0,0,0,0,0,0.0,0.0,0.0,0.0,0,0,0,0,0.0,0,0,0,0,1,0,17,8662.8,8663.3,8659.3,8659.9,0.0,1h,2.45,0.6531,0.1837,0.1633,1,none,0,0.0,0,0.1837,0.1633,0.4188,0,piercing_line,0,0,0.0,0.9063,1.5593,65.0,111.4,116.0,0.6308,0.368,0.3534,0.0789,-0.7405,283076.3,0.0792,361.0,17156.6,113.0269,-0.8781,106381.3385,18.2284,112.54,109.7736,109.1283,111.1136,112.2233,111.2987,115.558,122.2699,113.8962,1.0,1.0,-1.0,0,0,0,0,0,0,25.9388,-345.9841,-0.921,-343.2958,-321.025,-366.2431,1,0,0,0.6327,-0.0897,0.0089,0.9444,-0.8148,0.9876,0.8305,1,0.1571,1,0.0398,-68.5654,-78.1765,-77.9178,-51.0,8254.3644,6908.2194,6907.1477,61.5,-14.9017,6903.7833,283055.1167,6903.6667,283055.1167,0.0,61.5692,61.5,0.0,76.3,122.4143,38.3968,6908.7152,17,8693.35,8696.0,8656.0,8659.9,26735,4h,40.0,0.8363,0.0662,0.0975,0,long_body_bear,1,0.0,0,0.0662,0.0975,0.6693,0,dark_cloud,0,1,0.953,0.4132,1.2494,68626.4,71159.8,59742.6,0.3896,0.3757,0.4475,-0.6399,-0.3341,231522426.5,-0.6413,-637521.0,59742.6,-10.6711,0.3436,177329.7214,-3.5951,-11.4498,-11.2312,-11.4076,-10.7178,-11.1862,-11.1639,-11.4223,-11.6566,-11.246,1.0,1.0,1.0,0,0,0,0,0,0,-21521.675,2272854.9964,0.8221,2279487.6589,2334391.9382,2414978.6561,-1,-1,0,-0.805,-0.2027,-100.8787,-25910.2716,-0.5403,-25305.0969,-23249.186,-1,-2055.9109,-1,-2164.0896,-37.8629,-26.2804,-24.0736,8883.8,8253.5213,8689.8718,8739.8191,-876908.0,-1443999.238,8670.6333,231809382.1667,8688.2167,0.0,231809382.1667,40.8094,0.0,876908.0,1788859.3286,4507073.35,28.4129,8694.6615,17,65.64,66.88,65.07,66.34,0,1d,1.81,0.3867,0.2983,0.3149,1,none,0,0.0,0,0.2983,0.3149,0.3633,0,piercing_line,0,0,0.0,0.6778,1.0645,0.0,0.0,0.0,0.0,0.0,0.0,0.0,0.0,0.0,0.0,0.0,0.0,0.0,0.0,0.0,0.0,0.0,0.0,0.0,0.0,0.0,0.0,0.0,0.0,0.0,0.0,0.0,0.0,0,0,0,0,0,0,0.0,0.0,0,0.0,0.0,0.0,0,-1,0,0.4033,0.0,0.0,0.0,0,0.0,0.0,0,0.0,0,0.0,-17.2724,-53.4881,-90.3646,0.0,0.0,0.0,0.0,0.0,-0.0,66.0967,0.0,66.1933,0.0,0.0,100.0,0.0,0.0,0.0,0.0,0.0,0.0,116.0,3.1121,0.496,661.9885,0.5453,2.0846,2.3511,2.2291,2.4399,1.9889,2.3498,0.2633,0.994,1.1479,1.0,1.0,1.0,0,0,0,0,0,0,6885.607,2025,3,11,4,5,1,14,14.5,True,52.0,52.9447,54.7016,52.0,51.8773,56.9765,52.7042,54.7752,11.3651,1,0,0,1,1,0,6905.9755,6902.1798,3.7956,5.4607,0.7656,6907.38,6906.0658,5.4765,6914.2032,6897.9068,0.236,6892.8922,1,6892.8922,0.0,0.1466,6911.2967,6900.8667,6906.0817,0.151,24.6872,-81.5603,70,0.9338,0.3577,0.866,0.5,0,0.0002,0.0007,0.0006,0.0005,0.0004,0.0007,0.0,0.0,0.0,0.0,0.0,0.0,0.0,0.0,0.0002,-0.0003,-2.5,-0.0038,-32.8,0.01,0.66,1.5,0,1
50,2025-03-11 04:15:00+00:00,6907.7,6908.4,6906.2,6906.6,49.0,2025-03-11 04:10:00+00:00,5.0,8662.8,8663.3,8659.3,8659.9,0,8693.35,8696.0,8656.0,8659.9,26735,65.64,66.88,65.07,66.34,0,-20.2462,-20.2462,10310.9135,4.0,-438.175,40.0,-43.735,1.81,3779.8508,0.0,0.0018,0,8659.9,8659.9,66.34,0.7975,0.7975,104.1091,0,0,1,0,0,1,0.0,0.0,0,0,0,0.0,0.0,0,0,0,0.0,0.0,0,0,0,0.0,0.0,0.0,0,0,0,0,0.0,0.0,0.0,0.0,0,0,0,0,0.0,0.0,0.0,0.0,0,0,0,0,0.0,0,0,0,0,1,0,17,8662.8,8663.3,8659.3,8659.9,0.0,1h,2.2,0.5,0.3182,0.1818,0,none,0,0.0,0,0.3182,0.1818,0.4375,0,none,0,0,0.0,0.6429,1.1429,31.4,78.6,104.3,1.5605,0.6234,0.4698,1.5789,-0.6449,338423.4,1.5789,331.0,17156.6,113.0269,-0.8781,106381.3385,18.2284,112.54,109.7736,109.1283,111.1136,112.2233,111.2987,115.558,122.2699,113.8962,1.0,1.0,-1.0,0,0,0,0,0,0,-31.1818,-367.2135,-0.9227,-352.44,-317.6671,-344.399,-1,0,0,-0.6364,-0.022,-0.0014,0.9499,-0.8144,0.9642,0.9048,1,0.0594,1,-0.0056,76.5306,7.3646,-13.9532,-72.9,8254.3644,6907.4412,6907.5255,-9.8,-6.5318,6907.0667,338446.2667,6906.0667,338446.2667,0.0,60.1218,0.0,9.8,56.1643,123.1143,31.3279,6907.6392,17,8693.35,8696.0,8656.0,8659.9,26735,4h,40.0,0.8363,0.0662,0.0975,0,long_body_bear,1,0.0,0,0.0662,0.0975,0.6693,0,dark_cloud,0,1,0.953,0.4132,1.2494,68626.4,71159.8,59742.6,0.3896,0.3757,0.4475,-0.6399,-0.3341,231522426.5,-0.6413,-637521.0,59742.6,-10.6711,0.3436,177329.7214,-3.5951,-11.4498,-11.2312,-11.4076,-10.7178,-11.1862,-11.1639,-11.4223,-11.6566,-11.246,1.0,1.0,1.0,0,0,0,0,0,0,-21521.675,2272854.9964,0.8221,2279487.6589,2334391.9382,2414978.6561,-1,-1,0,-0.805,-0.2027,-100.8787,-25910.2716,-0.5403,-25305.0969,-23249.186,-1,-2055.9109,-1,-2164.0896,-37.8629,-26.2804,-24.0736,8883.8,8253.5213,8689.8718,8739.8191,-876908.0,-1443999.238,8670.6333,231809382.1667,8688.2167,0.0,231809382.1667,40.8094,0.0,876908.0,1788859.3286,4507073.35,28.4129,8694.6615,17,65.64,66.88,65.07,66.34,0,1d,1.81,0.3867,0.2983,0.3149,1,none,0,0.0,0,0.2983,0.3149,0.3633,0,piercing_line,0,0,0.0,0.6778,1.0645,0.0,0.0,0.0,0.0,0.0,0.0,0.0,0.0,0.0,0.0,0.0,0.0,0.0,0.0,0.0,0.0,0.0,0.0,0.0,0.0,0.0,0.0,0.0,0.0,0.0,0.0,0.0,0.0,0,0,0,0,0,0,0.0,0.0,0,0.0,0.0,0.0,0,-1,0,0.4033,0.0,0.0,0.0,0,0.0,0.0,0,0.0,0,0.0,-17.2724,-53.4881,-90.3646,0.0,0.0,0.0,0.0,0.0,-0.0,66.0967,0.0,66.1933,0.0,0.0,100.0,0.0,0.0,0.0,0.0,0.0,0.0,104.3,3.1735,0.4749,651.3323,0.5082,2.294,2.6755,2.6802,2.5232,2.2342,2.5194,0.392,1.1749,1.3528,1.0,1.0,1.0,0,0,0,0,0,0,6885.7587,2025,3,11,4,15,1,14,14.5,True,48.4615,53.1967,53.1667,48.4615,51.5511,54.9729,51.3449,53.51,-2.6496,0,0,0,0,0,0,6906.1789,6902.8241,3.3547,4.7386,0.5238,6906.78,6906.2722,5.1578,6914.3066,6898.3234,0.2314,6893.525,1,6893.525,0.0,0.3616,6911.0583,6901.3333,6906.1958,0.1408,23.2811,-65.2482,70,0.9338,0.3577,0.866,0.5,0,-0.0,0.0006,0.0006,0.0003,0.0004,0.0006,0.0,0.0,0.0,0.0,0.0,0.0,0.0,0.0,-0.0,-0.0003,-2.5,-0.0038,-32.8,0.01,0.66,-0.2,0,1
54,2025-03-11 04:35:00+00:00,6906.8,6906.8,6902.6,6902.8,159.0,2025-03-11 04:30:00+00:00,5.0,8662.8,8663.3,8659.3,8659.9,0,8693.35,8696.0,8656.0,8659.9,26735,65.64,66.88,65.07,66.34,0,-20.2901,-20.2901,10305.1854,4.0,-439.125,40.0,-43.83,1.81,3777.7514,0.0,0.0059,0,8659.9,8659.9,66.34,0.7971,0.7971,104.0519,0,0,1,0,0,1,0.0,0.0,0,0,0,0.0,0.0,0,0,0,0.0,0.0,0,0,0,0.0,0.0,0.0,0,0,0,0,0.0,0.0,0.0,0.0,0,0,0,0,0.0,0.0,0.0,0.0,0,0,0,0,0.0,0,0,0,0,1,0,17,8662.8,8663.3,8659.3,8659.9,0.0,1h,4.2,0.9524,0.0,0.0476,0,belt_hold_bear,1,0.0,0,0.0,0.0476,0.6866,0,dark_cloud,0,1,2.0,0.4348,1.3872,82.4,65.8,109.7,1.9296,2.4164,1.4494,2.3125,7.3684,1097545.2,2.3107,151.0,17156.6,113.0269,-0.8781,106381.3385,18.2284,112.54,109.7736,109.1283,111.1136,112.2233,111.2987,115.558,122.2699,113.8962,1.0,1.0,-1.0,0,0,0,0,0,0,-143.8571,-499.614,-0.933,-395.1488,-358.2345,-313.346,-1,-1,0,-0.9048,-0.0515,-0.0875,0.8569,-0.8199,0.9354,1.0159,-1,-0.0805,-1,-0.0944,-110.1018,-57.1505,-80.2976,-27.3,8254.3644,6905.16,6907.7386,-604.2,-90.4338,6904.0667,1097746.6,6906.1333,0.0,1097746.6,63.2121,0.0,604.2,39.7786,133.6714,22.9337,6905.4909,17,8693.35,8696.0,8656.0,8659.9,26735,4h,40.0,0.8363,0.0662,0.0975,0,long_body_bear,1,0.0,0,0.0662,0.0975,0.6693,0,dark_cloud,0,1,0.953,0.4132,1.2494,68626.4,71159.8,59742.6,0.3896,0.3757,0.4475,-0.6399,-0.3341,231522426.5,-0.6413,-637521.0,59742.6,-10.6711,0.3436,177329.7214,-3.5951,-11.4498,-11.2312,-11.4076,-10.7178,-11.1862,-11.1639,-11.4223,-11.6566,-11.246,1.0,1.0,1.0,0,0,0,0,0,0,-21521.675,2272854.9964,0.8221,2279487.6589,2334391.9382,2414978.6561,-1,-1,0,-0.805,-0.2027,-100.8787,-25910.2716,-0.5403,-25305.0969,-23249.186,-1,-2055.9109,-1,-2164.0896,-37.8629,-26.2804,-24.0736,8883.8,8253.5213,8689.8718,8739.8191,-876908.0,-1443999.238,8670.6333,231809382.1667,8688.2167,0.0,231809382.1667,40.8094,0.0,876908.0,1788859.3286,4507073.35,28.4129,8694.6615,17,65.64,66.88,65.07,66.34,0,1d,1.81,0.3867,0.2983,0.3149,1,none,0,0.0,0,0.2983,0.3149,0.3633,0,piercing_line,0,0,0.0,0.6778,1.0645,0.0,0.0,0.0,0.0,0.0,0.0,0.0,0.0,0.0,0.0,0.0,0.0,0.0,0.0,0.0,0.0,0.0,0.0,0.0,0.0,0.0,0.0,0.0,0.0,0.0,0.0,0.0,0.0,0,0,0,0,0,0,0.0,0.0,0,0.0,0.0,0.0,0,-1,0,0.4033,0.0,0.0,0.0,0,0.0,0.0,0,0.0,0,0.0,-17.2724,-53.4881,-90.3646,0.0,0.0,0.0,0.0,0.0,-0.0,66.0967,0.0,66.1933,0.0,0.0,100.0,0.0,0.0,0.0,0.0,0.0,0.0,109.7,1.3765,0.3483,628.7404,0.2402,2.6796,2.4418,2.5935,2.4953,2.2541,2.4425,0.4857,1.344,1.6479,-1.0,-1.0,1.0,1,0,1,0,0,0,6886.4402,2025,3,11,4,35,1,14,14.5,True,38.5714,44.4588,48.225,38.5714,47.6484,51.0659,43.5706,47.6029,-4.2857,0,0,0,1,0,0,6905.4335,6903.323,2.1105,3.4206,0.913,6905.33,6905.3638,4.7464,6911.9936,6902.0064,0.1446,6893.525,1,6893.525,0.0,0.0,6911.0733,6902.9383,6907.0058,0.1178,19.8028,-89.1089,70,0.9338,0.3577,0.866,0.5,0,-0.0006,0.0006,0.0006,0.0003,0.0004,0.0006,0.0003,0.0,0.0,0.0,0.0,0.0,0.0,0.0,-0.0006,-0.0003,-2.5,-0.0038,-32.8,0.01,0.66,-3.8,0,1
55,2025-03-11 04:40:00+00:00,6903.0,6905.8,6901.8,6905.0,128.0,2025-03-11 04:35:00+00:00,5.0,8662.8,8663.3,8659.3,8659.9,0,8693.35,8696.0,8656.0,8659.9,26735,65.64,66.88,65.07,66.34,0,-20.2647,-20.2647,10308.5017,4.0,-438.575,40.0,-43.775,1.81,3778.9669,0.0,0.0048,0,8659.9,8659.9,66.34,0.7974,0.7974,104.085,0,0,1,0,0,1,0.0,0.0,0,0,0,0.0,0.0,0,0,0,0.0,0.0,0,0,0,0.0,0.0,0.0,0,0,0,0,0.0,0.0,0.0,0.0,0,0,0,0,0.0,0.0,0.0,0.0,0,0,0,0,0.0,0,0,0,0,1,0,17,8662.8,8663.3,8659.3,8659.9,0.0,1h,4.0,0.5,0.2,0.3,1,none,0,0.0,0,0.2,0.3,0.3443,0,none,0,0,0.0,0.9524,1.4524,98.2,64.8,113.25,1.3035,1.9753,1.1302,-0.195,1.6122,883840.0,-0.1947,279.0,17156.6,113.0269,-0.8781,106381.3385,18.2284,112.54,109.7736,109.1283,111.1136,112.2233,111.2987,115.558,122.2699,113.8962,1.0,1.0,-1.0,0,0,0,0,0,0,76.8,-422.814,-0.927,-406.2689,-366.0117,-317.3031,-1,0,0,0.6,-0.0247,0.0408,0.8977,-0.8175,0.9296,1.0244,-1,-0.0947,-1,-0.0522,-69.3215,-36.6468,-66.0637,-15.05,8254.3644,6904.5449,6907.6225,281.6,-37.2861,6904.2,883737.6,6904.0667,883737.6,0.0,45.5298,281.6,0.0,59.1429,133.6714,30.6735,6904.7157,17,8693.35,8696.0,8656.0,8659.9,26735,4h,40.0,0.8363,0.0662,0.0975,0,long_body_bear,1,0.0,0,0.0662,0.0975,0.6693,0,dark_cloud,0,1,0.953,0.4132,1.2494,68626.4,71159.8,59742.6,0.3896,0.3757,0.4475,-0.6399,-0.3341,231522426.5,-0.6413,-637521.0,59742.6,-10.6711,0.3436,177329.7214,-3.5951,-11.4498,-11.2312,-11.4076,-10.7178,-11.1862,-11.1639,-11.4223,-11.6566,-11.246,1.0,1.0,1.0,0,0,0,0,0,0,-21521.675,2272854.9964,0.8221,2279487.6589,2334391.9382,2414978.6561,-1,-1,0,-0.805,-0.2027,-100.8787,-25910.2716,-0.5403,-25305.0969,-23249.186,-1,-2055.9109,-1,-2164.0896,-37.8629,-26.2804,-24.0736,8883.8,8253.5213,8689.8718,8739.8191,-876908.0,-1443999.238,8670.6333,231809382.1667,8688.2167,0.0,231809382.1667,40.8094,0.0,876908.0,1788859.3286,4507073.35,28.4129,8694.6615,17,65.64,66.88,65.07,66.34,0,1d,1.81,0.3867,0.2983,0.3149,1,none,0,0.0,0,0.2983,0.3149,0.3633,0,piercing_line,0,0,0.0,0.6778,1.0645,0.0,0.0,0.0,0.0,0.0,0.0,0.0,0.0,0.0,0.0,0.0,0.0,0.0,0.0,0.0,0.0,0.0,0.0,0.0,0.0,0.0,0.0,0.0,0.0,0.0,0.0,0.0,0.0,0,0,0,0,0,0,0.0,0.0,0,0.0,0.0,0.0,0,-1,0,0.4033,0.0,0.0,0.0,0,0.0,0.0,0,0.0,0,0.0,-17.2724,-53.4881,-90.3646,0.0,0.0,0.0,0.0,0.0,-0.0,66.0967,0.0,66.1933,0.0,0.0,100.0,0.0,0.0,0.0,0.0,0.0,0.0,113.25,2.4636,0.4383,623.5753,0.4474,2.6903,2.4457,2.5542,2.4739,2.2741,2.4395,0.5175,1.3879,1.7255,1.0,1.0,1.0,0,0,0,0,0,0,6886.6794,2025,3,11,4,40,1,14,14.5,True,40.0697,42.7545,47.8496,40.0697,45.4235,49.0673,42.6954,46.5985,1.4983,1,0,0,0,1,0,6905.3668,6903.4472,1.9196,3.1204,0.9524,6905.04,6905.2977,4.6931,6911.999,6901.881,0.1465,6893.525,1,6893.525,0.0,0.2412,6910.9433,6902.9283,6906.9358,0.116,18.9272,-67.3267,70,0.9338,0.3577,0.866,0.5,0,0.0003,0.0005,0.0006,0.0003,0.0003,0.0005,0.0003,0.0,0.0,0.0,0.0,0.0,0.0,0.0,0.0003,-0.0003,-2.5,-0.0038,-32.8,0.01,0.66,2.2,0,1
56,2025-03-11 04:45:00+00:00,6904.8,6905.4,6902.8,6904.8,10.0,2025-03-11 04:40:00+00:00,5.0,8662.8,8663.3,8659.3,8659.9,0,8693.35,8696.0,8656.0,8659.9,26735,65.64,66.88,65.07,66.34,0,-20.267,-20.267,10308.2002,4.0,-438.625,40.0,-43.78,1.81,3778.8564,0.0,0.0004,0,8659.9,8659.9,66.34,0.7973,0.7973,104.082,0,0,1,0,0,1,0.0,0.0,0,0,0,0.0,0.0,0,0,0,0.0,0.0,0,0,0,0.0,0.0,0.0,0,0,0,0,0.0,0.0,0.0,0.0,0,0,0,0,0.0,0.0,0.0,0.0,0,0,0,0,0.0,0,0,0,0,1,0,17,8662.8,8663.3,8659.3,8659.9,0.0,1h,2.6,0.0,0.2308,0.7692,0,cross,1,1.0,1,0.2308,0.7692,0.0,0,none,0,0,0.0,0.5,0.5,86.4,64.8,107.15,0.1157,0.1543,0.0933,-0.9219,-0.8551,69048.0,-0.9219,269.0,17156.6,113.0269,-0.8781,106381.3385,18.2284,112.54,109.7736,109.1283,111.1136,112.2233,111.2987,115.558,122.2699,113.8962,1.0,1.0,-1.0,0,0,0,0,0,0,5.3846,-417.4294,-0.9266,-413.196,-373.6812,-328.5294,-1,0,0,0.5385,-0.0174,-0.0003,0.8974,-0.8175,0.9241,1.0168,-1,-0.0926,-1,-0.0345,-35.9444,-25.0758,-51.3428,-20.75,8254.3644,6904.5279,6907.6231,-2.0,-32.2452,6904.3333,69043.3333,6904.2,69043.3333,0.0,51.269,0.0,2.0,59.1429,133.8143,30.6508,6904.6823,17,8693.35,8696.0,8656.0,8659.9,26735,4h,40.0,0.8363,0.0662,0.0975,0,long_body_bear,1,0.0,0,0.0662,0.0975,0.6693,0,dark_cloud,0,1,0.953,0.4132,1.2494,68626.4,71159.8,59742.6,0.3896,0.3757,0.4475,-0.6399,-0.3341,231522426.5,-0.6413,-637521.0,59742.6,-10.6711,0.3436,177329.7214,-3.5951,-11.4498,-11.2312,-11.4076,-10.7178,-11.1862,-11.1639,-11.4223,-11.6566,-11.246,1.0,1.0,1.0,0,0,0,0,0,0,-21521.675,2272854.9964,0.8221,2279487.6589,2334391.9382,2414978.6561,-1,-1,0,-0.805,-0.2027,-100.8787,-25910.2716,-0.5403,-25305.0969,-23249.186,-1,-2055.9109,-1,-2164.0896,-37.8629,-26.2804,-24.0736,8883.8,8253.5213,8689.8718,8739.8191,-876908.0,-1443999.238,8670.6333,231809382.1667,8688.2167,0.0,231809382.1667,40.8094,0.0,876908.0,1788859.3286,4507073.35,28.4129,8694.6615,17,65.64,66.88,65.07,66.34,0,1d,1.81,0.3867,0.2983,0.3149,1,none,0,0.0,0,0.2983,0.3149,0.3633,0,piercing_line,0,0,0.0,0.6778,1.0645,0.0,0.0,0.0,0.0,0.0,0.0,0.0,0.0,0.0,0.0,0.0,0.0,0.0,0.0,0.0,0.0,0.0,0.0,0.0,0.0,0.0,0.0,0.0,0.0,0.0,0.0,0.0,0.0,0,0,0,0,0,0,0.0,0.0,0,0.0,0.0,0.0,0,-1,0,0.4033,0.0,0.0,0.0,0,0.0,0.0,0,0.0,0,0.0,-17.2724,-53.4881,-90.3646,0.0,0.0,0.0,0.0,0.0,-0.0,66.0967,0.0,66.1933,0.0,0.0,100.0,0.0,0.0,0.0,0.0,0.0,0.0,107.15,2.5105,0.4313,618.4794,0.4349,2.6842,2.4575,2.5215,2.4237,2.2966,2.443,0.5555,1.432,1.8036,1.0,1.0,1.0,0,0,0,0,0,0,6886.6977,2025,3,11,4,45,1,14,14.5,True,39.7924,41.1375,47.1834,39.7924,43.1709,48.8814,41.9696,45.691,-0.2773,0,0,0,0,0,0,6905.2796,6903.5474,1.7322,2.8428,0.65,6904.93,6905.2072,4.5436,6911.9481,6901.6719,0.1488,6893.525,1,6893.525,0.0,0.34,6910.61,6902.935,6906.7725,0.1111,18.1141,-69.0,70,0.9338,0.3577,0.866,0.5,0,-0.0,0.0005,0.0006,0.0003,0.0003,0.0005,0.0003,0.0,0.0,0.0,0.0,0.0,0.0,0.0,-0.0,-0.0003,-2.5,-0.0038,-32.8,0.01,0.66,-0.2,0,1
59,2025-03-11 05:00:00+00:00,6904.55,6905.05,6902.7,6902.8,19.0,2025-03-11 04:55:00+00:00,5.0,8662.8,8663.3,8659.3,8659.9,0,8693.35,8696.0,8656.0,8659.9,26735,65.64,66.88,65.07,66.34,0,-20.2901,-20.2901,10305.1854,4.0,-439.125,40.0,-43.83,1.81,3777.7514,0.0,0.0007,0,8659.9,8659.9,66.34,0.7971,0.7971,104.0519,0,0,1,0,0,1,0.0,0.0,0,0,0,0.0,0.0,0,0,0,0.0,0.0,0,0,0,0.0,0.0,0.0,0,0,0,0,0.0,0.0,0.0,0.0,0,0,0,0,0.0,0.0,0.0,0.0,0,0,0,0,0.0,0,0,0,0,1,0,17,8662.8,8663.3,8659.3,8659.9,0.0,1h,2.35,0.7447,0.2128,0.0426,0,long_body_bear,1,0.0,0,0.2128,0.0426,0.5437,0,none,0,0,0.0,0.625,1.3697,41.0,61.7,81.65,0.4634,0.3079,0.2327,-0.4062,-0.8805,131153.2,-0.4064,234.0,17156.6,113.0269,-0.8781,106381.3385,18.2284,112.54,109.7736,109.1283,111.1136,112.2233,111.2987,115.558,122.2699,113.8962,1.0,1.0,-1.0,0,0,0,0,0,0,-17.383,-444.9457,-0.9287,-426.4629,-389.0062,-355.6518,1,0,0,-0.9149,-0.196,-0.0055,0.8891,-0.818,0.9094,0.9825,-1,-0.0731,-1,0.0322,-107.0277,-114.4936,-65.2688,-40.65,8254.3644,6904.5786,6906.6854,-38.0,-28.4215,6903.5167,131166.8167,6904.9333,0.0,131166.8167,53.2045,0.0,38.0,35.4429,68.1714,34.2065,6904.7767,17,8693.35,8696.0,8656.0,8659.9,26735,4h,40.0,0.8363,0.0662,0.0975,0,long_body_bear,1,0.0,0,0.0662,0.0975,0.6693,0,dark_cloud,0,1,0.953,0.4132,1.2494,68626.4,71159.8,59742.6,0.3896,0.3757,0.4475,-0.6399,-0.3341,231522426.5,-0.6413,-637521.0,59742.6,-10.6711,0.3436,177329.7214,-3.5951,-11.4498,-11.2312,-11.4076,-10.7178,-11.1862,-11.1639,-11.4223,-11.6566,-11.246,1.0,1.0,1.0,0,0,0,0,0,0,-21521.675,2272854.9964,0.8221,2279487.6589,2334391.9382,2414978.6561,-1,-1,0,-0.805,-0.2027,-100.8787,-25910.2716,-0.5403,-25305.0969,-23249.186,-1,-2055.9109,-1,-2164.0896,-37.8629,-26.2804,-24.0736,8883.8,8253.5213,8689.8718,8739.8191,-876908.0,-1443999.238,8670.6333,231809382.1667,8688.2167,0.0,231809382.1667,40.8094,0.0,876908.0,1788859.3286,4507073.35,28.4129,8694.6615,17,65.64,66.88,65.07,66.34,0,1d,1.81,0.3867,0.2983,0.3149,1,none,0,0.0,0,0.2983,0.3149,0.3633,0,piercing_line,0,0,0.0,0.6778,1.0645,0.0,0.0,0.0,0.0,0.0,0.0,0.0,0.0,0.0,0.0,0.0,0.0,0.0,0.0,0.0,0.0,0.0,0.0,0.0,0.0,0.0,0.0,0.0,0.0,0.0,0.0,0.0,0.0,0,0,0,0,0,0,0.0,0.0,0,0.0,0.0,0.0,0,-1,0,0.4033,0.0,0.0,0.0,0,0.0,0.0,0,0.0,0,0.0,-17.2724,-53.4881,-90.3646,0.0,0.0,0.0,0.0,0.0,-0.0,66.0967,0.0,66.1933,0.0,0.0,100.0,0.0,0.0,0.0,0.0,0.0,0.0,81.65,2.8659,0.4067,603.7557,0.3876,2.6017,2.6361,2.6117,2.3681,2.4398,2.5754,0.7434,1.5919,2.0669,1.0,1.0,1.0,1,0,1,0,0,0,6886.817,2025,3,11,5,0,1,14,14.5,True,39.1489,42.4456,44.9897,39.1489,42.3791,47.7806,43.1192,45.3127,-4.169,0,0,0,1,0,1,6904.915,6903.7337,1.1813,2.143,1.4688,6904.9,6904.8054,4.1098,6910.557,6901.383,0.1328,6894.352,1,6894.352,0.0,0.0,6909.6533,6902.5533,6906.1033,0.1028,16.7234,-84.8485,70,0.9338,0.3577,0.9659,0.2588,0,-0.0003,0.0003,0.0006,0.0003,0.0003,0.0003,0.0003,0.0,0.0,0.0,0.0,0.0,0.0,0.0,-0.0003,-0.0003,-2.5,-0.0038,-32.8,0.01,0.66,-2.0,0,1
62,2025-03-11 05:15:00+00:00,6904.4,6907.6,6902.5,6907.0,79.0,2025-03-11 05:10:00+00:00,5.0,8662.8,8663.3,8659.3,8659.9,0,8693.35,8696.0,8656.0,8659.9,26735,65.64,66.88,65.07,66.34,0,-20.2416,-20.2416,10311.5164,4.0,-438.075,40.0,-43.725,1.81,3780.0718,0.0,0.003,0,8659.9,8659.9,66.34,0.7976,0.7976,104.1152,0,0,1,0,0,1,0.0,0.0,0,0,0,0.0,0.0,0,0,0,0.0,0.0,0,0,0,0.0,0.0,0.0,0,0,0,0,0.0,0.0,0.0,0.0,0,0,0,0,0.0,0.0,0.0,0.0,0,0,0,0,0.0,0,0,0,0,1,0,17,8662.8,8663.3,8659.3,8659.9,0.0,1h,5.1,0.5098,0.1176,0.3725,1,none,0,0.0,0,0.1176,0.3725,0.4625,0,three_white_soldiers,0,0,0.0,0.5926,1.1024,54.4,63.3,67.0,1.4522,1.248,1.1791,6.1818,3.9375,545653.0,6.1839,324.0,17156.6,113.0269,-0.8781,106381.3385,18.2284,112.54,109.7736,109.1283,111.1136,112.2233,111.2987,115.558,122.2699,113.8962,1.0,1.0,-1.0,0,0,0,0,0,0,60.4118,-246.9006,-0.9133,-349.0068,-377.5067,-349.0973,1,0,0,0.7647,0.0495,0.0229,0.9155,-0.8165,0.8978,0.9699,-1,-0.0722,-1,0.0153,96.7853,77.2617,38.9537,-12.6,8254.3644,6904.309,6905.0826,158.0,7.6366,6905.7,545550.3,6904.1,545550.3,0.0,39.3217,158.0,0.0,44.0643,58.3286,43.0345,6903.8763,17,8693.35,8696.0,8656.0,8659.9,26735,4h,40.0,0.8363,0.0662,0.0975,0,long_body_bear,1,0.0,0,0.0662,0.0975,0.6693,0,dark_cloud,0,1,0.953,0.4132,1.2494,68626.4,71159.8,59742.6,0.3896,0.3757,0.4475,-0.6399,-0.3341,231522426.5,-0.6413,-637521.0,59742.6,-10.6711,0.3436,177329.7214,-3.5951,-11.4498,-11.2312,-11.4076,-10.7178,-11.1862,-11.1639,-11.4223,-11.6566,-11.246,1.0,1.0,1.0,0,0,0,0,0,0,-21521.675,2272854.9964,0.8221,2279487.6589,2334391.9382,2414978.6561,-1,-1,0,-0.805,-0.2027,-100.8787,-25910.2716,-0.5403,-25305.0969,-23249.186,-1,-2055.9109,-1,-2164.0896,-37.8629,-26.2804,-24.0736,8883.8,8253.5213,8689.8718,8739.8191,-876908.0,-1443999.238,8670.6333,231809382.1667,8688.2167,0.0,231809382.1667,40.8094,0.0,876908.0,1788859.3286,4507073.35,28.4129,8694.6615,17,65.64,66.88,65.07,66.34,0,1d,1.81,0.3867,0.2983,0.3149,1,none,0,0.0,0,0.2983,0.3149,0.3633,0,piercing_line,0,0,0.0,0.6778,1.0645,0.0,0.0,0.0,0.0,0.0,0.0,0.0,0.0,0.0,0.0,0.0,0.0,0.0,0.0,0.0,0.0,0.0,0.0,0.0,0.0,0.0,0.0,0.0,0.0,0.0,0.0,0.0,0.0,0,0,0,0,0,0,0.0,0.0,0,0.0,0.0,0.0,0,-1,0,0.4033,0.0,0.0,0.0,0,0.0,0.0,0,0.0,0,0.0,-17.2724,-53.4881,-90.3646,0.0,0.0,0.0,0.0,0.0,-0.0,66.0967,0.0,66.1933,0.0,0.0,100.0,0.0,0.0,0.0,0.0,0.0,0.0,67.0,4.8358,0.4699,590.2151,0.549,2.9112,3.1962,3.23,2.6857,2.7968,2.9503,1.2317,1.8396,2.409,1.0,1.0,1.0,0,0,0,0,0,0,6887.1972,2025,3,11,5,15,1,14,14.5,True,56.3981,47.1642,44.9593,56.3981,45.1648,45.2214,48.6841,47.6969,1.0583,1,1,1,1,1,1,6905.0139,6904.0032,1.0107,1.56,1.8889,6904.76,6904.9893,4.2035,6908.3293,6902.0307,0.0912,6894.352,1,6894.352,0.0,1.0,6908.6467,6901.4367,6905.0417,0.1044,14.8067,-12.1739,70,0.9338,0.3577,0.9659,0.2588,0,0.0003,0.0003,0.0006,0.0003,0.0003,0.0003,0.0003,0.0,0.0,0.0,0.0,0.0,0.0,0.0,0.0003,-0.0003,-2.5,-0.0038,-32.8,0.01,0.66,2.0,0,1
